Combattant,Catégorie,Combats UFC,Dernier combat,Classés dans la catégorie,SLpM (coups sig. touchés/min),Rang SLpM,Précision frappes %,Rang précision frappes,SApM (coups sig. encaissés/min),Rang SApM,Défense frappes %,Rang défense frappes,Takedowns/15 min,Rang takedowns,Précision takedowns %,Rang précision takedowns,Défense takedowns %,Rang défense takedowns,Soumissions/15 min,Rang soumissions
Alexia Thainara,Pailles (F),4,2026-08-08,47,4.22,21,52,9,2.66,6,45,40,4.24,2,48,17,100,1,1.5,2
Alice Ardelean,Pailles (F),5,2026-05-16,47,7.0,2,46,24,4.97,36,61,7,1.08,26,50,12,86,5,0.2,22
Amanda Lemos,Pailles (F),16,2026-08-08,47,2.84,39,55,6,3.22,14,44,42,0.93,31,58,8,63,23,0.7,9
Amanda Ribas,Pailles (F),13,2025-07-26,47,4.26,19,40,36,3.29,19,60,8,2.05,17,52,11,82,6,0.6,11
Angela Hill,Pailles (F),30,2026-05-30,47,5.46,6,51,11,5.0,37,60,8,0.76,33,30,34,73,14,0.2,22
Ariane Carnelossi,Pailles (F),7,2026-06-06,47,2.68,41,39,39,4.69,33,44,42,1.06,29,50,12,23,46,0.2,22
Bruna Brasil,Pailles (F),7,2026-03-28,47,2.48,43,56,4,4.17,30,49,36,1.07,27,47,18,57,28,0.0,37
Carla Esparza,Pailles (F),16,2024-10-05,47,2.19,47,39,39,2.87,11,54,23,3.28,4,36,28,47,35,0.3,19
Carol Foro,Pailles (F),1,2026-08-08,,7.07,,61,,3.73,,48,,0.0,,,,43,,0.0,
Cory McKenna,Pailles (F),6,2024-10-12,47,2.9,37,37,43,4.14,27,45,40,2.22,15,45,20,67,19,0.4,17
Delphine Benouaich,Pailles (F),1,2026-09-05,,15.59,,59,,7.69,,63,,0.0,,,,,,1.6,
Denise Gomes,Pailles (F),9,2026-08-29,47,4.01,23,51,11,3.12,13,48,37,1.61,23,34,30,66,20,0.8,6
Elise Reed,Pailles (F),10,2026-08-22,47,3.5,29,52,9,4.16,29,48,37,0.41,39,60,6,52,32,0.0,37
Fatima Kline,Pailles (F),5,2026-07-18,47,4.88,10,48,18,2.46,5,62,3,3.13,5,67,4,65,21,0.2,22
Feng Xiaocan,Pailles (F),1,2024-11-23,,4.46,,47,,2.79,,72,,0.0,,,,50,,0.0,
Gigi Canuto,Pailles (F),1,2026-08-08,,3.73,,52,,7.07,,39,,4.0,,57,,,,1.0,
Gillian Robertson,Pailles (F),21,2026-08-15,47,2.63,42,47,21,2.83,9,57,17,2.53,10,41,23,38,41,0.8,6
Iasmin Lucindo,Pailles (F),7,2025-08-09,47,3.22,34,45,27,2.8,8,62,3,2.28,13,56,9,69,18,0.2,22
Istela Nunes,Pailles (F),5,2025-04-05,47,4.28,18,47,21,4.07,26,60,8,0.0,46,0,46,48,34,0.0,37
Jaqueline Amorim,Pailles (F),7,2026-05-30,47,2.26,45,49,14,2.06,2,55,21,2.01,18,33,31,0,47,4.3,1
Jessica Andrade,Pailles (F),30,2025-08-16,47,6.37,3,49,14,5.58,41,54,23,2.1,16,54,10,75,12,0.3,19
Jessica Penne,Pailles (F),9,2024-10-19,47,2.99,36,34,46,6.3,46,44,42,1.1,25,14,42,47,35,0.1,33
Josefine Knutsson,Pailles (F),3,2024-12-14,47,5.13,8,54,7,2.4,3,50,34,1.0,30,75,1,27,44,0.0,37
Julia Polastri,Pailles (F),6,2026-08-29,47,6.18,4,58,2,5.21,38,58,14,0.59,36,75,1,62,26,0.2,22
Karolina Kowalkiewicz,Pailles (F),19,2025-10-11,47,5.54,5,43,30,5.77,42,57,17,0.36,40,23,38,75,12,0.2,22
Ketlen Souza,Pailles (F),7,2026-06-06,47,4.11,22,57,3,3.89,23,53,27,0.45,38,13,43,54,30,0.2,22
Loma Lookboonmee,Pailles (F),11,2026-05-30,47,3.58,28,56,4,2.45,4,54,23,1.76,20,50,12,70,17,0.1,33
Loopy Godinez,Pailles (F),15,2026-04-11,47,4.43,15,49,14,3.94,24,62,3,2.99,8,43,21,77,11,0.8,6
Luana Pinheiro,Pailles (F),7,2025-05-17,47,3.29,32,40,36,4.14,27,60,8,2.4,11,38,25,71,16,0.2,22
Mackenzie Dern,Pailles (F),17,2026-08-15,47,3.38,31,41,32,3.74,22,53,27,1.07,27,22,39,41,39,1.0,5
Marina Rodriguez,Pailles (F),15,2025-05-03,47,4.41,16,46,24,3.02,12,56,19,0.21,45,43,21,61,27,0.3,19
Marina Spasic,Pailles (F),1,2026-08-01,,7.5,,47,,6.0,,57,,0.0,,,,50,,0.0,
Melissa Amaya,Pailles (F),1,2026-09-26,,2.65,,38,,6.01,,52,,0.0,,0,,,,0.0,
Melissa Martinez,Pailles (F),3,2025-07-12,47,3.78,25,47,21,5.21,38,53,27,0.35,41,50,12,50,33,0.0,37
Mizuki,Pailles (F),4,2025-10-25,47,4.45,14,53,8,4.65,31,50,34,0.75,34,33,31,81,8,0.0,37
Molly McCann,Pailles (F),14,2025-03-22,47,5.28,7,50,13,4.65,31,63,2,1.78,19,37,27,38,41,0.5,15
Montserrat Conejo Ruiz,Pailles (F),5,2025-11-01,47,2.21,46,29,47,6.19,45,44,42,1.75,21,50,12,44,38,0.6,11
Nicolle Caliari,Pailles (F),3,2026-05-16,47,3.0,35,39,39,5.88,43,53,27,3.03,7,26,37,100,1,0.4,17
Piera Rodriguez,Pailles (F),7,2026-03-14,47,4.23,20,49,14,3.25,17,52,32,4.21,3,59,7,82,6,0.0,37
Polyana Viana,Pailles (F),12,2026-05-16,47,2.82,40,41,32,2.74,7,53,27,0.67,35,33,31,33,43,1.5,2
Puja Tomar,Pailles (F),2,2025-03-22,,5.61,,48,,5.82,,46,,0.0,,,,100,,0.0,
Rayanne dos Santos,Pailles (F),3,2025-05-31,47,4.87,11,43,30,6.33,47,60,8,0.33,44,10,44,80,9,0.0,37
Sam Hughes,Pailles (F),12,2026-03-14,47,4.41,16,48,18,4.69,33,58,14,1.12,24,29,36,63,23,0.2,22
Shanelle Dyer,Pailles (F),2,2026-08-22,,10.29,,63,,4.17,,59,,1.67,,100,,100,,0.0,
Shauna Bannon,Pailles (F),5,2026-05-16,47,3.85,24,45,27,3.25,17,46,39,0.0,46,0,46,47,35,0.5,15
Shi Ming,Pailles (F),1,2024-11-23,,2.79,,28,,4.46,,53,,1.39,,50,,,,0.0,
Sofia Montenegro,Pailles (F),1,2026-09-05,,7.69,,37,,15.59,,41,,0.0,,,,,,0.0,
Stephanie Luciano,Pailles (F),4,2026-08-01,47,5.07,9,39,39,3.6,21,64,1,1.62,22,62,5,78,10,0.6,11
Tabatha Ricci,Pailles (F),12,2026-07-18,47,3.77,26,36,44,4.79,35,58,14,2.37,12,35,29,54,30,0.1,33
Talita Alencar,Pailles (F),5,2026-04-25,47,3.24,33,36,44,3.24,15,54,23,2.82,9,38,25,100,1,0.6,11
Tatiana Suarez,Pailles (F),10,2026-04-11,47,2.86,38,60,1,1.63,1,44,42,4.52,1,46,19,57,28,0.7,9
Tecia Pennington,Pailles (F),19,2025-11-08,47,4.73,12,48,18,3.48,20,62,3,0.56,37,15,41,63,23,0.1,33
Tina Black,Pailles (F),1,2026-09-26,,6.01,,48,,2.65,,62,,0.0,,,,100,,0.0,
Vanessa Demopoulos,Pailles (F),11,2026-09-26,47,3.61,27,40,36,5.88,43,41,47,0.35,41,10,44,26,45,0.2,22
Viktoriia Dudakova,Pailles (F),4,2025-01-11,47,3.47,30,46,24,4.02,25,52,32,2.25,14,30,34,40,40,0.0,37
Virna Jandiroba,Pailles (F),13,2026-04-04,47,2.27,44,41,32,2.86,10,56,19,3.12,6,39,24,73,14,1.4,4
Xiong Jingnan,Pailles (F),2,2026-08-29,,4.64,,35,,7.62,,38,,0.0,,,,75,,0.0,
Yan Xiaonan,Pailles (F),14,2026-08-29,47,4.67,13,45,27,3.24,15,60,8,0.82,32,73,3,65,21,0.0,37
Yazmin Jauregui,Pailles (F),6,2026-09-26,47,7.26,1,41,32,5.29,40,55,21,0.34,43,17,40,100,1,0.0,37
Alexa Grasso,Mouches (F),16,2026-09-12,34,4.19,12,41,22,3.78,21,60,10,0.38,34,35,22,55,25,0.6,9
Andrea Lee,Mouches (F),14,2025-03-01,34,4.62,10,45,16,3.91,23,61,9,1.65,15,52,7,54,27,0.6,9
Anna Melisano,Mouches (F),1,2026-07-18,,0.49,,33,,1.23,,29,,0.0,,,,50,,0.0,
Ariane da Silva,Mouches (F),14,2025-06-07,34,4.05,13,41,22,4.4,26,51,28,0.47,30,38,19,68,15,0.3,19
Brogan Walker,Mouches (F),3,2025-10-04,34,1.84,33,32,33,3.32,15,47,30,1.02,20,75,1,11,34,0.0,27
Carli Judice,Mouches (F),5,2026-08-22,34,8.7,1,48,8,4.71,28,60,10,0.67,27,50,8,83,5,0.0,27
Casey O'Neill,Mouches (F),9,2026-09-19,34,7.6,2,52,4,5.36,33,58,15,1.35,18,35,22,70,13,0.8,7
Diana Belbita,Mouches (F),8,2025-04-05,34,6.45,4,42,21,6.55,34,52,26,0.86,23,62,4,64,19,0.0,27
Dione Barbosa,Mouches (F),6,2026-07-18,34,2.24,31,46,14,2.4,5,64,3,2.42,4,42,16,67,17,1.5,1
Eduarda Moura,Mouches (F),6,2026-09-19,34,2.55,29,38,31,2.54,6,59,13,3.4,1,33,25,80,7,0.4,14
Erin Blanchfield,Mouches (F),9,2025-11-15,34,5.24,7,44,19,4.25,24,59,13,1.96,10,34,24,78,9,0.9,6
Ernesta Kareckaite,Mouches (F),3,2026-02-28,34,5.62,5,40,28,4.89,30,54,20,0.67,27,67,2,79,8,0.0,27
Gabriella Fernandes,Mouches (F),6,2026-03-28,34,3.51,19,47,11,5.31,32,53,24,0.42,33,18,34,69,14,0.2,22
Ivana Petrovic,Mouches (F),4,2025-05-03,34,1.91,32,41,22,2.05,2,56,18,2.12,7,38,19,61,22,0.8,7
JJ Aldrich,Mouches (F),18,2026-09-12,34,3.93,15,47,11,4.39,25,62,7,0.66,29,23,31,68,15,0.0,27
Jamey-Lyn Horth,Mouches (F),7,2026-04-18,34,3.8,18,48,8,2.64,8,64,3,0.98,21,43,14,81,6,0.2,22
Jasmine Jasudavicius,Mouches (F),12,2026-04-18,34,3.35,22,44,19,3.38,16,52,26,2.49,3,45,12,75,11,0.6,9
Jeisla Chaves,Mouches (F),2,2026-08-22,,4.44,,58,,4.68,,47,,2.7,,50,,50,,0.9,
Juliana Miller,Mouches (F),6,2026-08-08,34,2.74,26,41,22,3.84,22,45,33,2.38,5,31,26,44,32,1.3,4
Julija Stoliarenko,Mouches (F),9,2025-08-09,34,2.74,26,39,30,4.45,27,47,30,0.78,25,21,32,55,25,1.4,2
Karine Silva,Mouches (F),8,2026-04-18,34,2.27,30,40,28,2.64,8,54,20,2.08,9,55,6,29,33,1.4,2
Lauren Murphy,Mouches (F),15,2025-07-12,34,3.94,14,38,31,5.19,31,57,17,1.09,19,25,30,67,17,0.2,22
Manon Fiorot,Mouches (F),10,2026-09-12,34,5.57,6,41,22,3.76,20,66,1,0.94,22,29,28,88,3,0.0,27
Maycee Barber,Mouches (F),13,2026-03-28,34,4.25,11,51,5,2.7,11,58,15,1.51,16,47,11,48,29,0.1,26
Melissa Gatto,Mouches (F),6,2026-04-04,34,3.47,21,50,6,2.67,10,54,20,1.77,13,27,29,59,23,0.4,14
Miranda Maverick,Mouches (F),12,2025-06-14,34,3.22,23,45,16,2.25,3,62,7,2.16,6,40,18,45,31,0.4,14
Natalia Silva,Mouches (F),8,2026-01-24,34,4.81,8,45,16,2.36,4,66,1,0.43,31,30,27,90,2,0.0,27
Ravena Oliveira,Mouches (F),4,2026-08-08,34,1.77,34,31,34,3.71,18,46,32,0.74,26,50,8,47,30,0.0,27
Regina Tarin,Mouches (F),2,2026-09-12,,6.37,,45,,5.6,,54,,0.5,,33,,83,,0.0,
Rose Namajunas,Mouches (F),19,2026-01-24,34,3.5,20,41,22,3.38,16,64,3,1.47,17,48,10,62,21,0.4,14
Tereza Bleda,Mouches (F),3,2025-12-13,34,2.7,28,49,7,2.94,13,40,34,2.1,8,19,33,100,1,1.1,5
Tracy Cortez,Mouches (F),9,2026-07-11,34,3.9,16,48,8,3.71,18,54,20,1.82,12,38,19,58,24,0.3,19
Valentina Shevchenko,Mouches (F),19,2025-11-15,34,3.04,25,53,2,2.0,1,64,3,2.65,2,62,4,76,10,0.3,19
Veronica Hardy,Mouches (F),10,2025-10-04,34,3.06,24,46,14,3.24,14,50,29,0.82,24,41,17,52,28,0.4,14
Viviane Araujo,Mouches (F),13,2025-06-28,34,3.84,17,47,11,4.83,29,56,18,1.72,14,43,14,75,11,0.6,9
Wang Cong,Mouches (F),6,2026-07-11,34,6.84,3,58,1,2.82,12,60,10,0.43,31,67,2,86,4,0.2,22
Yuneisy Duben,Mouches (F),2,2026-06-06,,4.56,,50,,4.86,,43,,1.8,,50,,50,,0.0,
Zhang Weili,Mouches (F),13,2025-11-15,34,4.66,9,53,2,2.63,7,53,24,1.96,10,45,12,64,19,0.5,13
Ailin Perez,Coqs (F),8,2026-09-26,30,2.82,25,54,7,1.79,3,57,10,4.34,1,45,11,67,11,0.1,21
Alice Pereira,Coqs (F),2,2026-04-04,,2.83,,37,,3.11,,67,,0.0,,0,,75,,0.0,
Bia Mesquita,Coqs (F),3,2026-06-20,30,4.52,7,57,3,1.27,2,71,1,3.57,2,75,2,0,30,3.6,1
Chelsea Chandler,Coqs (F),6,2026-06-06,30,3.52,17,45,20,4.27,23,40,29,0.81,19,60,3,25,28,0.3,15
Daria Zhelezniakova,Coqs (F),4,2026-04-18,30,4.13,12,40,27,3.38,17,64,4,0.31,26,100,1,50,23,0.0,23
Hailey Cowan,Coqs (F),4,2026-08-01,30,3.15,20,41,26,3.92,21,39,30,2.15,5,33,20,100,1,0.0,23
Irina Alekseeva,Coqs (F),4,2025-10-11,30,3.42,18,38,29,5.02,28,45,27,0.38,23,20,26,50,23,0.4,12
Jacqueline Cavalcanti,Coqs (F),6,2026-05-16,30,5.3,4,47,15,2.98,11,69,2,0.0,28,0,28,86,4,0.0,23
Joselyne Edwards,Coqs (F),13,2026-04-25,30,4.61,5,53,9,3.26,14,50,22,1.29,15,37,18,62,15,0.6,8
Josiane Nunes,Coqs (F),6,2025-03-15,30,5.65,1,43,24,5.76,29,52,17,0.0,28,0,28,58,19,0.0,23
Julia Avila,Coqs (F),6,2025-02-15,30,2.81,26,42,25,3.28,15,56,13,0.63,21,38,14,53,20,0.2,19
Julianna Pena,Coqs (F),12,2025-06-07,30,3.1,21,44,21,2.56,8,57,10,1.7,10,55,5,24,29,0.8,6
Karol Rosa,Coqs (F),13,2026-06-20,30,5.47,3,56,5,4.28,24,50,22,1.08,16,48,8,73,9,0.2,19
Kayla Harrison,Coqs (F),3,2025-06-07,30,4.29,10,62,1,1.1,1,66,3,2.84,3,38,14,100,1,0.9,4
Ketlen Vieira,Coqs (F),15,2026-05-16,30,2.71,27,40,27,3.73,20,51,21,1.31,14,43,12,90,3,0.5,11
Klaudia Sygula,Coqs (F),4,2026-09-05,30,5.59,2,47,15,4.56,26,55,14,0.29,27,11,27,42,26,0.0,23
Luana Carolina,Coqs (F),10,2025-09-27,30,4.53,6,51,11,3.51,18,52,17,0.34,25,43,12,65,13,0.6,8
Luana Santos,Coqs (F),7,2026-06-20,30,2.53,29,54,7,2.45,7,64,4,2.14,6,38,14,86,4,1.0,3
Macy Chiasson,Coqs (F),14,2026-02-28,30,3.21,19,46,18,2.76,9,45,27,1.87,9,36,19,62,15,0.4,12
Mayra Bueno Silva,Coqs (F),14,2026-04-25,30,3.53,16,57,3,4.73,27,52,17,0.47,22,24,25,63,14,1.2,2
Melissa Croden,Coqs (F),3,2026-04-18,30,4.27,11,47,15,2.13,5,59,8,2.02,7,50,6,67,11,0.3,15
Melissa Mullins,Coqs (F),5,2026-06-20,30,3.67,15,50,12,4.15,22,53,15,2.2,4,47,9,86,4,0.0,23
Michelle Montague,Coqs (F),2,2026-04-25,,2.77,,49,,2.47,,42,,3.5,,54,,,,0.0,
Miesha Tate,Coqs (F),14,2025-05-03,30,3.03,22,46,18,3.19,13,52,17,1.4,12,25,24,59,18,0.9,4
Montse Rendon,Coqs (F),4,2026-03-14,30,2.95,23,28,30,3.65,19,57,10,1.91,8,38,14,86,4,0.3,15
Nina Milosevic,Coqs (F),1,2026-08-01,,5.7,,54,,3.53,,73,,0.0,,,,100,,0.0,
Nora Cornolle,Coqs (F),7,2026-09-05,30,2.65,28,55,6,1.95,4,58,9,0.91,17,31,22,50,23,0.4,12
Norma Dumont,Coqs (F),13,2026-09-26,30,3.79,14,50,12,2.34,6,64,4,1.4,12,56,4,74,8,0.0,23
Priscila Cachoeira,Coqs (F),14,2026-06-06,30,4.35,9,44,21,7.45,30,46,25,0.37,24,50,6,70,10,0.0,23
Raquel Pennington,Coqs (F),19,2024-10-05,30,4.1,13,49,14,3.32,16,61,7,0.83,18,28,23,62,15,0.6,8
Tainara Lisboa,Coqs (F),4,2025-10-18,30,2.01,30,44,21,2.88,10,46,25,1.67,11,32,21,53,20,0.3,15
Tamires Vidal,Coqs (F),4,2024-10-19,30,2.91,24,53,9,4.46,25,49,24,0.0,28,0,28,36,27,0.7,7
Yana Santos,Coqs (F),12,2025-10-04,30,4.41,8,58,2,3.12,12,53,15,0.78,20,47,9,52,22,0.1,21
Abdul Rakhman Yakhyaev,Mi-lourds,3,2026-06-27,44,5.35,11,58,4,2.25,2,58,6,12.68,1,75,1,,,8.5,1
Alonzo Menifield,Mi-lourds,19,2026-09-19,44,3.85,22,51,22,3.95,27,51,19,0.55,26,32,21,79,13,0.2,18
Anthony Smith,Mi-lourds,25,2025-04-26,44,3.24,31,50,25,5.19,40,44,37,0.46,30,23,30,50,33,0.5,10
Austen Lane,Mi-lourds,7,2026-03-21,44,2.47,41,52,19,2.56,6,36,44,1.74,10,31,22,50,33,0.0,26
Azamat Murzakanov,Mi-lourds,7,2026-04-11,44,4.47,17,56,7,3.29,16,56,9,0.71,23,21,32,89,5,0.2,18
Billy Elekana,Mi-lourds,4,2026-01-31,44,2.71,36,56,7,3.59,24,46,31,0.85,20,22,31,,,0.8,5
Bogdan Guskov,Mi-lourds,7,2026-07-25,44,3.6,25,57,6,3.5,23,47,27,0.0,37,,,55,30,0.7,6
Brendson Ribeiro,Mi-lourds,8,2026-07-25,44,2.62,37,39,44,3.46,22,52,16,0.7,25,38,12,32,40,0.5,10
Bruno Lopes,Mi-lourds,4,2026-08-08,44,2.52,39,47,31,5.15,39,44,37,2.91,5,26,28,100,1,0.0,26
Caio Machado,Mi-lourds,3,2024-11-02,44,5.07,13,48,29,3.44,21,62,2,0.0,37,0,37,70,19,0.0,26
Carlos Ulberg,Mi-lourds,11,2026-04-11,44,6.61,2,56,7,4.04,30,51,19,0.54,27,60,4,86,8,0.2,18
Christian Edwards,Mi-lourds,2,2026-09-26,,3.55,,58,,2.46,,52,,0.0,,0,,,,0.0,
Diyar Nurgozhay,Mi-lourds,4,2026-08-08,44,5.68,7,63,1,2.84,10,57,8,1.54,11,75,1,70,19,0.0,26
Dominick Reyes,Mi-lourds,15,2026-04-11,44,4.99,14,54,14,3.4,18,50,21,0.25,34,29,23,83,9,0.3,15
Dustin Jacoby,Mi-lourds,18,2026-07-25,44,5.33,12,46,32,4.27,34,58,6,0.26,33,20,33,57,29,0.0,26
Felipe Franco,Mi-lourds,2,2026-07-18,,2.77,,52,,2.08,,50,,2.08,,43,,86,,0.0,
Ibo Aslan,Mi-lourds,5,2025-12-06,44,5.52,9,46,32,4.0,28,56,9,0.0,37,0,37,88,6,0.0,26
Ion Cutelaba,Mi-lourds,21,2026-06-20,44,4.13,20,44,37,3.42,20,46,31,4.02,4,51,7,76,16,0.3,15
Ivan Erslan,Mi-lourds,4,2026-05-16,44,2.53,38,49,28,4.57,36,54,14,0.93,17,38,12,70,19,0.0,26
Iwo Baraniewski,Mi-lourds,4,2026-09-19,44,5.72,6,56,7,5.01,38,59,3,0.82,22,20,33,83,9,0.0,26
Jamahal Hill,Mi-lourds,11,2025-06-21,44,5.89,5,50,25,4.04,30,45,35,0.0,37,,,71,18,0.0,26
Jan Blachowicz,Mi-lourds,23,2026-08-01,44,3.53,28,50,25,3.23,15,52,16,0.97,16,49,8,70,19,0.4,13
Jimmy Crute,Mi-lourds,12,2025-09-27,44,3.55,27,51,22,3.33,17,40,41,4.64,2,52,6,58,28,2.1,2
Jiri Prochazka,Mi-lourds,9,2026-04-11,44,5.61,8,56,7,5.67,42,45,35,0.49,29,60,4,68,24,0.2,18
Johnny Walker,Mi-lourds,16,2026-04-11,44,3.7,24,53,18,2.91,11,49,24,0.28,32,40,11,50,33,0.4,13
Julius Walker,Mi-lourds,4,2026-06-27,44,3.72,23,54,14,4.18,32,43,39,4.07,3,38,12,100,1,0.0,26
Junior Tafa,Mi-lourds,9,2026-06-06,44,3.53,28,52,19,2.7,8,52,16,0.0,37,,,73,17,0.0,26
Kevin Christian,Mi-lourds,2,2026-05-02,,4.32,,71,,6.08,,30,,0.0,,0,,,,0.0,
Khalil Rountree Jr.,Mi-lourds,18,2025-10-04,44,3.88,21,41,43,4.33,35,50,21,0.0,37,,,59,27,0.1,23
Levi Rodrigues Jr.,Mi-lourds,2,2026-08-29,,3.51,,44,,8.83,,29,,0.0,,0,,50,,0.0,
Liu Ce,Mi-lourds,1,2026-08-29,,13.31,,72,,6.32,,51,,0.0,,,,100,,0.0,
Lucas Fernando,Mi-lourds,1,2026-08-15,,6.18,,60,,1.16,,77,,0.0,,,,0,,0.0,
Luis Hernandez,Mi-lourds,1,2026-09-26,,3.16,,50,,0.0,,100,,15.79,,100,,,,31.6,
Luke Fernandez,Mi-lourds,1,2026-03-07,,5.93,,48,,11.11,,35,,0.0,,,,,,0.0,
Magomed Ankalaev,Mi-lourds,17,2026-07-25,44,3.52,30,52,19,2.49,5,55,11,0.85,20,24,29,88,6,0.2,18
Magomed Gadzhiyasulov,Mi-lourds,2,2025-01-11,,1.9,,54,,1.67,,52,,2.5,,62,,60,,0.0,
Magomed Tuchalov,Mi-lourds,1,2026-07-25,,2.33,,44,,2.6,,67,,8.0,,57,,100,,1.0,
Marcin Prachnio,Mi-lourds,11,2025-07-19,44,5.52,9,55,12,3.15,13,55,11,0.14,36,20,33,53,31,0.0,26
Modestas Bukauskas,Mi-lourds,14,2026-09-05,44,3.1,34,43,39,3.89,26,50,21,0.21,35,67,3,78,14,0.1,23
Muhammad Saidov,Mi-lourds,1,2026-07-25,,6.11,,45,,3.46,,63,,0.0,,,,,,0.0,
Navajo Stirling,Mi-lourds,6,2026-08-01,44,6.41,3,54,14,2.46,4,59,3,0.92,18,36,18,70,19,0.0,26
Nikita Krylov,Mi-lourds,22,2026-07-11,44,4.38,19,54,14,2.75,9,48,26,2.19,9,38,12,53,31,1.1,4
Oumar Sy,Mi-lourds,6,2026-09-05,44,3.57,26,51,22,1.97,1,64,1,2.9,6,36,18,67,26,0.6,9
Ovince Saint Preux,Mi-lourds,28,2024-10-05,44,3.08,35,46,32,3.8,25,47,27,0.87,19,28,26,68,24,0.3,15
Paul Craig,Mi-lourds,21,2025-09-06,44,2.5,40,45,35,3.04,12,43,39,1.43,12,19,36,35,38,1.3,3
Paulo Costa,Mi-lourds,12,2026-04-11,44,6.15,4,59,2,5.96,43,49,24,0.3,31,43,10,78,14,0.0,26
Rafael Cerqueira,Mi-lourds,1,2025-11-22,,0.0,,0,,10.91,,40,,0.0,,,,0,,0.0,
Rafael Cerquiera,Mi-lourds,3,2025-08-09,44,1.61,44,45,35,4.88,37,37,43,0.0,37,,,40,36,0.0,26
Rafael Tobias,Mi-lourds,2,2026-08-15,,1.99,,33,,6.23,,37,,1.72,,33,,100,,0.6,
Reinier de Ridder,Mi-lourds,7,2026-08-22,44,3.18,32,55,12,2.26,3,47,27,2.44,8,29,23,40,36,0.5,10
Robert Whittaker,Mi-lourds,25,2026-07-11,44,4.41,18,43,39,3.4,18,59,3,0.71,23,38,12,80,11,0.0,26
Rodolfo Bellato,Mi-lourds,6,2026-09-26,44,4.8,16,58,4,5.99,44,46,31,1.28,13,38,12,93,4,0.0,26
Roman Dolidze,Mi-lourds,15,2026-08-22,44,3.12,33,42,41,4.02,29,46,31,1.13,14,44,9,32,40,0.7,6
Sedriques Dumas,Mi-lourds,10,2026-09-26,44,1.94,43,44,37,2.66,7,53,15,1.08,15,28,26,32,40,0.0,26
Tuco Tokkos,Mi-lourds,4,2026-05-16,44,2.32,42,42,41,3.22,14,47,27,2.78,7,33,20,33,39,0.7,6
Uran Satybaldiev,Mi-lourds,2,2025-08-23,,2.14,,25,,3.66,,45,,0.0,,0,,50,,1.7,
Volkan Oezdemir,Mi-lourds,16,2025-11-22,44,4.99,14,48,29,4.19,33,55,11,0.5,28,29,23,80,11,0.1,23
Zhang Mingyang,Mi-lourds,5,2026-05-30,44,6.64,1,59,2,5.55,41,39,42,0.0,37,,,100,1,0.0,26
Aleksandar Rakic,Lourds,12,2026-08-01,47,4.2,20,51,24,2.78,15,55,12,0.57,28,22,32,87,10,0.1,19
Alex Pereira,Lourds,13,2026-06-14,47,5.01,8,61,8,3.72,28,53,19,0.11,35,50,9,80,15,0.2,15
Alexander Poppeck,Lourds,1,2026-08-01,,3.38,,44,,4.23,,38,,0.0,,,,,,0.0,
Alexander Volkov,Lourds,19,2026-05-09,47,5.08,7,58,12,3.06,19,54,17,0.61,27,62,5,69,25,0.1,19
Alexandr Romanov,Lourds,10,2024-11-02,47,3.78,24,52,22,2.13,4,54,17,4.49,5,55,7,29,44,0.9,5
Allen Frye Jr.,Lourds,1,2025-12-13,,2.2,,38,,4.27,,36,,0.0,,,,,,0.0,
Alvin Hines,Lourds,2,2026-07-18,,5.58,,33,,7.62,,39,,0.9,,10,,,,0.0,
Ante Delija,Lourds,3,2026-02-21,47,4.28,18,38,47,3.95,31,53,19,0.0,37,0,37,75,17,0.0,23
Anthony Wint,Lourds,1,2026-08-22,,1.12,,56,,0.22,,75,,3.35,,33,,,,3.3,
Brando Pericic,Lourds,3,2026-05-02,47,11.0,1,58,12,4.26,36,58,5,0.0,37,,,71,21,0.0,23
Chris Barnett,Lourds,6,2025-10-25,47,3.36,33,48,33,6.55,46,36,45,0.0,37,0,37,35,39,0.0,23
Ciryl Gane,Lourds,14,2026-06-14,47,5.4,6,62,7,2.31,7,61,2,0.66,25,24,31,47,38,0.6,8
Curtis Blaydes,Lourds,22,2026-09-12,47,3.99,22,51,24,2.7,14,55,12,5.04,3,47,13,35,39,0.0,23
Denzel Freeman,Lourds,2,2026-01-24,,2.45,,57,,3.4,,50,,0.0,,0,,50,,0.0,
Derrick Lewis,Lourds,32,2026-06-14,47,2.41,42,49,30,2.79,16,39,44,0.53,31,26,28,52,36,0.0,23
Don'Tale Mayes,Lourds,12,2025-05-03,47,2.81,40,41,44,3.57,24,48,30,0.7,24,47,13,31,43,0.0,23
Elisha Ellison,Lourds,2,2026-07-11,,3.61,,38,,15.79,,34,,0.0,,0,,100,,0.0,
Gable Steveson,Lourds,2,2026-09-19,,15.46,,71,,5.89,,59,,0.0,,0,,,,0.0,
Gokhan Saricam,Lourds,1,2026-04-18,,5.87,,47,,6.17,,38,,0.0,,0,,100,,0.0,
Guilherme Pat,Lourds,3,2026-08-08,47,2.8,41,61,8,2.82,17,46,36,0.0,37,,,100,1,0.0,23
Hamdy Abdelwahab,Lourds,4,2025-10-25,47,4.27,19,56,15,3.67,27,51,24,3.25,8,65,4,100,1,0.0,23
Jailton Almeida,Lourds,11,2026-02-07,47,2.37,43,63,6,1.32,1,44,39,5.57,1,55,7,67,27,1.6,2
Jairzinho Rozenstruik,Lourds,15,2025-02-01,47,3.48,30,49,30,2.63,12,52,22,0.0,37,0,37,72,20,0.0,23
Jamal Pogues,Lourds,4,2025-02-01,47,3.38,32,46,40,3.9,30,47,34,1.25,17,38,19,67,27,0.0,23
Jhonata Diniz,Lourds,5,2025-10-11,47,3.67,28,59,10,3.41,21,58,5,0.0,37,,,69,25,0.0,23
Jon Jones,Lourds,24,2024-11-16,47,4.38,16,59,10,2.24,6,64,1,1.89,14,46,15,95,7,0.5,9
Jose Montanha,Lourds,1,2026-08-08,,1.09,,29,,1.64,,25,,8.18,,50,,100,,8.2,
Josh Hokit,Lourds,4,2026-06-14,47,10.28,2,64,5,6.12,45,48,30,1.5,16,50,9,78,16,0.5,9
Jovan Leka,Lourds,1,2026-08-01,,4.23,,62,,3.38,,56,,0.0,,,,,,0.0,
Justin Tafa,Lourds,10,2025-02-08,47,4.05,21,54,16,5.11,43,47,34,0.0,37,0,37,53,34,0.0,23
Kennedy Nzechukwu,Lourds,16,2026-08-22,47,4.65,14,50,27,4.49,40,51,24,0.56,29,45,16,81,14,0.2,15
Louie Sutherland,Lourds,4,2026-08-08,47,1.8,46,69,1,1.95,3,35,46,4.49,5,40,18,33,41,0.0,23
Lukasz Brzeski,Lourds,7,2025-07-19,47,4.69,12,49,30,3.78,29,55,12,0.0,37,0,37,32,42,0.0,23
Marcin Tybura,Lourds,25,2026-08-01,47,3.49,29,47,37,3.34,20,55,12,1.23,18,32,26,71,21,0.1,19
Marcus Buchecha,Lourds,3,2026-04-25,47,1.59,47,50,27,2.15,5,50,28,2.02,13,16,33,,,0.4,11
Marek Bujlo,Lourds,1,2025-11-22,,2.07,,39,,3.27,,38,,0.0,,,,,,0.0,
Mario Pinto,Lourds,4,2026-09-05,47,3.47,31,69,1,1.88,2,59,4,4.62,4,42,17,100,1,0.8,6
Martin Buday,Lourds,8,2025-07-26,47,4.37,17,52,22,4.59,41,56,9,0.16,34,25,29,93,8,0.2,15
Max Gimenis,Lourds,1,2025-11-08,,3.21,,43,,9.64,,47,,0.0,,,,,,0.0,
Mick Parkin,Lourds,5,2025-03-22,47,4.73,11,50,27,4.01,32,60,3,0.95,22,36,22,75,17,0.0,23
Mohammed Usman,Lourds,6,2025-06-21,47,3.85,23,39,45,4.27,37,51,24,0.56,29,14,34,67,27,0.0,23
RJ Harris,Lourds,1,2026-07-18,,9.0,,58,,6.6,,56,,0.0,,,,,,0.0,
Rizvan Kuniev,Lourds,3,2026-07-25,47,3.74,25,48,33,2.6,10,48,30,0.0,37,,,92,9,0.0,23
Robelis Despaigne,Lourds,4,2026-09-19,47,2.08,44,53,18,2.38,8,49,29,0.66,25,100,1,61,31,0.0,23
Rodrigo Nascimento,Lourds,8,2024-11-02,47,3.69,26,47,37,4.42,39,45,37,1.06,21,38,19,59,32,0.4,11
Ryan Spann,Lourds,17,2026-09-05,47,3.03,37,39,45,4.09,34,42,43,1.15,19,33,24,50,37,1.6,2
Sean Sharaf,Lourds,3,2026-09-19,47,7.5,5,44,43,14.88,47,43,41,0.92,23,11,35,,,0.0,23
Sergei Pavlovich,Lourds,12,2026-05-30,47,4.49,15,45,41,3.58,25,56,9,0.47,32,25,29,75,17,0.0,23
Serghei Spivac,Lourds,16,2026-08-22,47,3.35,34,47,37,4.23,35,51,24,3.42,7,57,6,53,34,0.4,11
Shamil Gaziev,Lourds,7,2026-08-22,47,2.97,39,45,41,5.09,42,45,37,1.08,20,33,24,83,12,0.0,23
Steven Asplund,Lourds,3,2026-08-08,47,7.65,3,53,18,5.23,44,48,30,0.0,37,0,37,100,1,0.4,11
Stipe Miocic,Lourds,19,2024-11-16,47,4.67,13,53,18,4.01,32,52,22,1.74,15,34,23,65,30,0.0,23
Tai Tuivasa,Lourds,19,2026-09-19,47,3.25,35,48,33,4.36,38,44,39,0.09,36,11,35,56,33,0.0,23
Tallison Teixeira,Lourds,4,2026-05-30,47,3.69,26,67,4,3.45,23,32,47,2.68,10,30,27,,,0.0,23
Tanner Boser,Lourds,11,2026-04-18,47,4.82,10,54,16,3.0,18,58,5,0.0,37,0,37,70,23,0.0,23
Terrance Chatman,Lourds,1,2026-08-22,,0.22,,25,,1.12,,44,,0.0,,,,67,,3.3,
Thomas Petersen,Lourds,7,2026-07-25,47,2.99,38,58,12,2.58,9,56,9,2.59,12,37,21,86,11,0.2,15
Tom Aspinall,Lourds,10,2025-10-25,47,7.63,4,68,3,3.62,26,57,8,2.62,11,80,2,100,1,1.3,4
Tyrell Fortune,Lourds,2,2026-07-25,,1.91,,49,,4.31,,51,,1.72,,43,,100,,0.0,
Valter Walker,Lourds,6,2026-07-25,47,1.92,45,53,18,2.67,13,43,41,5.39,2,69,3,100,1,3.6,1
Vitor Petrino,Lourds,10,2026-08-22,47,3.25,35,51,24,2.6,10,53,19,3.0,9,49,12,82,13,0.7,7
Waldo Cortes Acosta,Lourds,14,2026-09-12,47,4.88,9,48,33,3.43,22,55,12,0.37,33,50,9,70,23,0.1,19
Abdul Razak Alhassan,Moyens,14,2025-01-11,73,3.58,45,50,34,4.01,48,55,19,0.85,44,33,44,51,54,0.2,41
Abus Magomedov,Moyens,8,2026-06-27,73,3.06,55,49,38,3.34,31,56,14,2.5,13,59,12,100,1,0.6,27
Andre Muniz,Moyens,10,2025-10-04,73,1.91,69,46,54,2.61,15,51,41,4.22,4,52,15,33,67,1.2,10
Andre Petroski,Moyens,13,2026-05-16,73,2.75,62,49,38,2.99,21,52,33,3.12,8,53,14,86,12,1.2,10
Andrey Pulyaev,Moyens,4,2026-06-27,73,2.52,64,47,51,2.91,19,57,12,0.0,66,0,66,45,60,0.0,51
Anthony Hernandez,Moyens,13,2026-08-22,73,4.38,29,60,7,3.7,40,48,53,5.28,3,40,38,68,33,1.4,7
Antonio Trocoli,Moyens,4,2026-03-21,73,1.27,71,45,57,5.4,66,27,73,0.5,58,5,65,33,67,0.0,51
Armen Petrosyan,Moyens,7,2025-03-08,73,5.91,10,53,22,3.42,33,53,29,0.18,64,33,44,42,62,0.0,51
Ateba Gautier,Moyens,5,2026-05-09,73,3.99,38,38,72,3.05,22,54,23,0.54,56,100,1,100,1,0.0,51
Azamat Bekoev,Moyens,4,2026-04-04,73,4.57,24,52,27,6.83,71,31,72,3.48,6,44,26,62,42,0.0,51
Baisangur Susurkaev,Moyens,3,2026-05-09,73,5.97,8,54,17,4.66,60,59,10,2.28,16,26,52,100,1,0.9,17
Ben Johnston,Moyens,1,2026-05-02,,1.01,,75,,1.01,,29,,2.54,,100,,100,,0.0,
Bo Nickal,Moyens,7,2026-06-14,73,3.35,51,62,4,2.0,6,60,7,2.35,15,50,17,100,1,1.5,4
Brad Tavares,Moyens,28,2026-03-14,73,3.41,49,44,62,3.32,29,55,19,0.7,52,27,51,80,17,0.0,51
Brendan Allen,Moyens,19,2026-06-06,73,3.74,41,52,27,3.74,41,48,53,1.48,31,42,32,56,47,1.0,13
Brunno Ferreira,Moyens,11,2026-09-19,73,2.96,56,45,57,3.76,43,51,41,0.85,44,23,56,50,55,0.5,30
Bruno Silva (Moyens),Moyens,11,2025-05-10,73,3.86,40,48,47,5.35,65,42,67,0.77,49,23,56,74,24,0.0,51
Caio Borralho,Moyens,9,2026-03-07,73,3.3,52,55,12,2.63,16,60,7,1.08,39,45,24,74,24,0.4,32
Cam Rowston,Moyens,3,2026-05-02,73,5.52,17,49,38,1.98,5,54,23,1.68,27,43,29,100,1,0.0,51
Cesar Almeida,Moyens,6,2026-07-11,73,3.48,47,60,7,2.32,9,43,64,0.25,63,33,44,48,57,0.2,41
Cezary Oleksiejczuk,Moyens,1,2025-12-13,,0.93,,74,,0.8,,40,,6.0,,86,,,,0.0,
Chris Weidman,Moyens,20,2024-12-07,73,3.11,54,45,57,3.37,32,51,41,3.27,7,42,32,72,28,0.8,19
Christian Leroy Duncan,Moyens,10,2026-07-18,73,4.45,26,58,9,2.36,11,54,23,0.43,59,20,59,58,46,0.0,51
Cody Brundage,Moyens,16,2026-05-16,73,2.39,66,50,34,2.88,18,52,33,1.71,24,42,32,67,35,0.5,30
Damian Pinas,Moyens,2,2026-07-11,,5.53,,71,,5.53,,37,,0.0,,0,,86,,0.0,
Danny Barlow,Moyens,4,2025-10-18,73,5.62,15,52,27,4.63,59,52,33,0.0,66,0,66,100,1,0.0,51
Djorden Santos,Moyens,4,2026-09-12,73,6.66,6,40,70,7.84,73,48,53,0.31,61,20,59,80,17,0.0,51
Donte Johnson,Moyens,3,2026-08-15,73,2.86,60,43,65,1.82,3,63,3,1.95,20,100,1,77,21,0.7,23
Dricus Du Plessis,Moyens,11,2026-07-18,73,5.21,18,49,38,4.24,51,54,23,1.9,21,49,21,50,55,0.6,27
Dusko Todorovic,Moyens,11,2026-08-01,73,4.05,35,54,17,3.58,37,52,33,2.44,14,33,44,40,63,0.4,32
Dustin Stoltzfus,Moyens,11,2026-08-15,73,3.39,50,46,54,3.28,28,48,53,2.12,17,35,42,47,58,1.1,12
Dylan Budka,Moyens,3,2025-02-15,73,0.8,73,26,73,2.48,14,40,69,1.89,22,50,17,40,63,0.0,51
Edmen Shahbazyan,Moyens,16,2026-09-19,73,3.94,39,49,38,3.67,39,52,33,1.39,34,36,40,67,35,0.3,36
Eric McConico,Moyens,5,2026-08-15,73,2.95,57,47,51,3.18,25,48,53,0.61,55,67,7,69,30,0.0,51
Eryk Anders,Moyens,20,2026-03-14,73,3.44,48,48,47,4.03,49,50,46,1.83,23,25,53,80,17,0.1,45
Gerald Meerschaert,Moyens,26,2026-05-02,73,2.95,57,45,57,3.44,34,54,23,1.7,25,29,49,40,63,1.5,4
Gilbert Urbina,Moyens,5,2026-08-01,73,6.68,5,58,9,4.72,61,48,53,2.73,11,44,26,0,69,0.7,23
Gregory Rodrigues,Moyens,14,2026-08-22,73,5.77,11,53,22,4.52,56,50,46,1.59,28,36,40,85,13,0.3,36
Ihor Potieria,Moyens,8,2025-01-11,73,4.41,28,49,38,4.91,62,52,33,0.78,48,20,59,67,35,0.0,51
Ikram Aliskerov,Moyens,6,2026-06-27,73,5.68,13,61,5,3.8,44,46,59,3.66,5,77,5,100,1,0.4,32
Ismail Naurdiev,Moyens,7,2025-11-22,73,3.66,42,53,22,1.75,2,65,2,1.48,31,41,37,73,26,0.2,41
Israel Adesanya,Moyens,19,2026-03-28,73,4.03,36,48,47,3.22,26,56,14,0.05,65,9,64,76,22,0.1,45
Jackson McVey,Moyens,4,2026-08-22,73,7.14,3,61,5,3.96,47,33,70,0.0,66,0,66,0,69,0.9,17
Jacob Malkoun,Moyens,9,2026-05-02,73,4.23,33,57,11,2.33,10,55,19,5.39,1,43,29,56,47,0.7,23
Jared Cannonier,Moyens,21,2026-07-18,73,4.25,32,49,38,4.36,53,56,14,0.77,49,45,24,65,40,0.0,51
Joe Pyfer,Moyens,8,2026-03-28,73,3.53,46,43,65,3.33,30,53,29,1.25,36,25,53,67,35,0.8,19
Jose Daniel Medina,Moyens,4,2026-02-28,73,2.46,65,43,65,5.64,67,43,64,0.64,54,50,17,36,66,0.0,51
Julian Marquez,Moyens,8,2025-03-01,73,5.09,20,45,57,5.71,68,50,46,0.0,66,0,66,46,59,2.7,2
Julien Leblanc,Moyens,1,2026-04-18,,1.69,,67,,2.96,,46,,0.0,,,,0,,0.0,
JunYong Park,Moyens,13,2025-10-25,73,4.64,23,52,27,3.82,45,51,41,1.69,26,43,29,55,50,0.8,19
Kamaru Usman,Moyens,20,2026-07-18,73,4.13,34,51,32,2.86,17,55,19,2.6,12,42,32,90,9,0.1,45
Kelvin Gastelum,Moyens,26,2026-04-11,73,3.65,43,42,69,3.52,36,57,12,1.04,40,35,42,60,44,0.1,45
Khamzat Chimaev,Moyens,10,2026-05-09,73,4.01,37,54,17,2.98,20,52,33,5.32,2,58,13,88,11,1.4,7
Kyle Daukaus,Moyens,10,2026-06-14,73,2.86,60,49,38,3.23,27,42,67,1.96,18,24,55,71,29,1.5,4
Luis Felipe Dias,Moyens,2,2026-09-05,,5.21,,48,,3.39,,59,,0.0,,,,,,0.0,
Mansur Abdul-Malik,Moyens,6,2026-08-15,73,2.94,59,44,62,4.37,54,43,64,1.96,18,46,23,82,15,0.3,36
Mantas Kondratavicius,Moyens,1,2026-03-21,,5.0,,70,,1.13,,56,,2.0,,50,,92,,1.0,
Marc-Andre Barriault,Moyens,17,2026-02-07,73,5.65,14,47,51,5.94,69,49,51,0.34,60,29,49,68,33,0.1,45
Marco Tulio,Moyens,4,2026-05-09,73,7.07,4,55,12,3.09,23,56,14,0.87,43,40,38,0,69,0.0,51
Marvin Vettori,Moyens,18,2025-12-06,73,4.74,21,46,54,4.55,58,56,14,1.41,33,44,26,69,30,0.4,32
Matthieu Duclos,Moyens,1,2026-09-05,,3.93,,42,,4.8,,56,,0.0,,,,,,0.0,
Michael Page,Moyens,6,2026-09-05,73,1.92,68,55,12,1.4,1,63,3,0.0,66,0,66,64,41,0.2,41
Michal Oleksiejczuk,Moyens,19,2026-06-27,73,5.73,12,53,22,4.45,55,60,7,0.99,42,42,32,53,52,0.0,51
Michel Pereira,Moyens,16,2026-06-27,73,4.28,30,51,32,4.32,52,51,41,1.11,38,52,15,76,22,0.6,27
Nassourdine Imavov,Moyens,12,2025-09-06,73,4.28,30,55,12,3.17,24,59,10,0.74,51,32,48,81,16,1.0,13
Nick Klein,Moyens,2,2025-08-02,,2.55,,57,,3.49,,39,,5.03,,31,,67,,1.0,
Nursulton Ruziboev,Moyens,7,2026-09-05,73,1.91,69,44,62,2.2,8,50,46,1.52,30,75,6,45,60,0.3,36
Ozzy Diaz,Moyens,4,2026-09-19,73,5.96,9,52,27,7.29,72,62,5,0.0,66,0,66,67,35,0.0,51
Robert Bryczek,Moyens,4,2026-09-26,73,2.72,63,40,70,3.74,41,54,23,0.26,62,100,1,79,20,0.3,36
Robert Valentin,Moyens,5,2026-08-01,73,1.15,72,55,12,2.37,12,33,70,1.01,41,67,7,52,53,2.5,3
Rodolfo Vieira,Moyens,12,2026-09-26,73,3.22,53,54,17,4.07,50,49,51,2.77,10,21,58,60,44,0.8,19
Roman Kopylov,Moyens,12,2026-05-09,73,4.54,25,50,34,5.08,63,53,29,1.12,37,50,17,89,10,0.0,51
Ryan Gandra,Moyens,3,2026-09-19,73,10.0,1,48,47,2.0,6,53,29,0.0,66,,,,,0.0,51
Ryan Loder,Moyens,3,2025-11-22,73,5.1,19,69,1,2.46,13,50,46,1.37,35,14,62,100,1,1.4,7
Sean Strickland,Moyens,25,2026-05-09,73,5.98,7,43,65,4.53,57,61,6,0.66,53,62,9,69,30,0.1,45
Shara Magomedov,Moyens,7,2026-06-27,73,5.55,16,63,3,3.62,38,45,60,0.0,66,0,66,73,26,0.0,51
Torrez Finney,Moyens,2,2026-01-31,,1.03,,36,,4.67,,36,,4.0,,44,,75,,0.0,
Tre'ston Vines,Moyens,1,2025-10-04,,0.0,,0,,3.56,,50,,0.0,,0,,0,,0.0,
Tresean Gore,Moyens,8,2026-08-15,73,3.59,44,49,38,6.24,70,44,61,1.54,29,62,9,84,14,1.0,13
Vicente Luque,Moyens,26,2026-08-15,73,4.69,22,50,34,5.19,64,52,33,0.83,46,47,22,61,43,0.7,23
Vlasto Cepo,Moyens,1,2026-08-01,,6.89,,29,,29.51,,38,,0.0,,,,,,0.0,
Wes Schultz,Moyens,3,2026-08-22,73,2.1,67,53,22,3.5,35,44,61,0.81,47,10,63,0,69,4.9,1
YiSak Lee,Moyens,1,2026-05-30,,2.73,,40,,5.73,,48,,0.0,,,,,,0.0,
Yousri Belgaroui,Moyens,3,2026-09-12,73,8.35,2,65,2,1.93,4,70,1,0.52,57,100,1,56,47,0.0,51
Zach Reese,Moyens,9,2026-07-11,73,4.43,27,54,17,3.9,46,44,61,2.8,9,61,11,55,50,1.0,13
Abubakar Vagaev,Mi-moyens,1,2026-07-25,,1.8,,39,,2.2,,60,,4.0,,40,,71,,0.0,
Adam Fugitt,Mi-moyens,6,2026-01-24,75,4.88,25,47,43,5.33,60,51,52,1.63,24,23,62,50,59,0.0,58
Alex Morono,Mi-moyens,24,2026-02-07,75,4.9,24,40,70,4.88,59,55,29,0.32,63,24,60,48,66,0.3,37
Andreas Gustafsson,Mi-moyens,2,2025-09-06,,6.48,,70,,3.9,,47,,7.55,,57,,,,0.0,
Ange Loosa,Mi-moyens,6,2025-06-14,75,5.68,11,48,39,6.47,70,52,47,2.81,11,41,26,78,17,0.0,58
Austin Vanderford,Mi-moyens,2,2025-10-04,,2.65,,65,,1.56,,52,,4.51,,50,,100,,0.9,
Bassil Hafez,Mi-moyens,3,2024-11-16,75,3.71,49,38,72,5.68,65,42,74,2.21,14,24,60,50,59,0.0,58
Belal Muhammad,Mi-moyens,22,2026-06-06,75,4.36,36,42,64,3.92,45,55,29,1.98,20,36,35,91,5,0.1,51
Billy Ray Goff,Mi-moyens,4,2026-08-08,75,5.63,12,46,52,7.64,74,51,52,0.46,56,5,69,50,59,0.0,58
Bryan Battle,Mi-moyens,9,2024-12-07,75,5.12,17,53,16,4.11,49,44,71,0.77,47,17,67,54,54,0.4,26
Cam Nelson,Mi-moyens,1,2026-08-29,,2.73,,59,,2.6,,51,,4.0,,36,,100,,0.0,
Carlos Leal,Mi-moyens,4,2026-02-21,75,8.75,1,47,43,7.78,75,49,60,0.43,58,11,68,91,5,0.0,58
Carlos Prates,Mi-moyens,8,2026-05-02,75,4.38,35,54,10,4.35,54,48,62,0.19,67,100,1,79,15,0.0,58
Carlston Harris,Mi-moyens,8,2026-05-30,75,3.34,59,43,61,3.5,31,52,47,1.13,35,20,65,56,50,0.5,21
Charles Radtke,Mi-moyens,7,2026-04-11,75,2.5,70,54,10,2.45,12,55,29,1.99,19,44,23,100,1,0.5,21
Chidi Njokuani,Mi-moyens,11,2026-08-15,75,6.38,8,62,3,4.06,48,57,20,0.0,70,0,70,75,18,0.2,45
Chris Curtis,Mi-moyens,12,2026-03-14,75,5.39,13,49,32,5.79,67,54,37,0.0,70,0,70,65,40,0.0,58
Colby Covington,Mi-moyens,17,2024-12-14,75,3.81,46,38,72,3.09,21,55,29,3.64,5,43,24,69,31,0.2,45
Conor McGregor,Mi-moyens,15,2026-07-11,75,5.27,15,50,27,4.71,56,54,37,0.66,51,56,8,67,34,0.1,51
Court McGee,Mi-moyens,24,2025-06-14,75,4.5,30,37,74,3.65,38,61,4,1.78,23,25,56,71,25,0.4,26
Daniel Frunza,Mi-moyens,2,2025-11-01,,2.51,,35,,3.8,,50,,0.0,,,,40,,0.0,
Daniel Rodriguez,Mi-moyens,15,2026-08-01,75,7.18,2,49,32,5.36,62,57,20,0.18,68,29,52,64,44,0.1,51
Daniil Donchenko,Mi-moyens,4,2026-09-05,75,7.14,3,62,3,2.14,6,73,1,0.37,61,25,56,67,34,0.0,58
Ding Meng,Mi-moyens,2,2026-08-29,,3.4,,45,,3.77,,49,,0.0,,0,,64,,0.0,
Elizeu Zaleski dos Santos,Mi-moyens,18,2025-08-02,75,4.16,39,42,64,3.56,34,56,27,0.79,45,21,64,67,34,0.4,26
Eric Nolan,Mi-moyens,2,2026-06-27,,1.68,,35,,2.59,,45,,0.0,,0,,44,,0.0,
Farman Hasanov,Mi-moyens,1,2026-06-27,,1.4,,51,,1.0,,71,,17.0,,63,,,,0.0,
Francisco Prado,Mi-moyens,6,2026-04-11,75,3.68,51,44,57,4.31,53,54,37,0.76,48,19,66,40,72,0.8,12
Gabriel Bonfim,Mi-moyens,8,2026-06-06,75,4.69,27,48,39,3.56,34,64,3,2.52,13,52,11,79,15,0.9,9
Geoff Neal,Mi-moyens,14,2026-02-21,75,5.0,22,51,26,5.56,63,57,20,0.55,53,45,19,90,8,0.1,51
Gilbert Burns,Mi-moyens,25,2026-04-18,75,3.16,63,48,39,3.68,40,53,43,2.04,17,36,35,54,54,0.4,26
Gunnar Nelson,Mi-moyens,16,2025-03-22,75,1.77,75,61,5,3.06,20,49,60,2.0,18,52,11,68,33,1.0,7
Ian Machado Garry,Mi-moyens,12,2026-08-15,75,4.29,37,54,10,2.59,15,53,43,0.8,44,31,48,71,25,0.3,37
Ignacio Bahamondes,Mi-moyens,11,2026-09-12,75,5.73,10,46,52,4.0,47,55,29,0.0,70,0,70,65,40,0.6,16
Islam Dulatov,Mi-moyens,1,2025-07-19,,5.12,,51,,3.41,,48,,0.0,,,,100,,0.0,
Islam Makhachev,Mi-moyens,19,2026-08-15,75,2.27,71,58,7,1.42,1,61,4,3.22,9,55,9,91,5,0.9,9
Jack Della Maddalena,Mi-moyens,10,2026-05-02,75,5.08,19,53,16,4.23,51,61,4,0.38,60,25,56,63,46,0.1,51
Jack Hermansson,Mi-moyens,19,2025-11-22,75,5.15,16,45,55,3.72,43,57,20,1.48,26,30,49,81,13,0.4,26
Jacobe Smith,Mi-moyens,3,2026-02-21,75,6.85,5,63,2,3.61,36,46,67,4.52,2,100,1,100,1,1.1,6
Jake Matthews,Mi-moyens,24,2026-05-30,75,3.36,58,44,57,2.58,14,61,4,1.36,30,42,25,67,34,0.7,15
Jared Gooden,Mi-moyens,7,2024-10-12,75,4.4,33,49,32,6.74,72,45,70,0.91,39,45,19,65,40,0.4,26
Jean-Paul Lebosnoyani,Mi-moyens,2,2026-07-18,,3.93,,45,,4.0,,57,,3.0,,46,,100,,2.0,
Jefferson Nascimento,Mi-moyens,1,2026-06-27,,2.42,,49,,2.56,,57,,0.0,,0,,67,,0.0,
Jeremiah Wells,Mi-moyens,8,2026-08-15,75,2.21,72,45,55,1.43,2,44,71,2.81,11,48,17,45,71,1.3,4
Joaquin Buckley,Mi-moyens,17,2026-05-09,75,3.62,52,36,75,3.1,22,59,15,1.43,28,45,19,70,30,0.1,51
Joel Alvarez,Mi-moyens,12,2026-08-15,75,4.59,29,53,16,4.13,50,48,62,0.15,69,33,43,48,66,0.9,9
Jonathan Micallef,Mi-moyens,3,2026-05-02,75,4.13,41,44,57,3.79,44,57,20,0.78,46,40,28,71,25,0.4,26
Jose Souza,Mi-moyens,1,2026-05-30,,4.8,,47,,4.2,,57,,0.0,,,,,,0.0,
Kevin Holland,Mi-moyens,29,2026-04-11,75,4.18,38,50,27,3.3,28,50,58,0.83,43,40,28,58,49,0.6,16
Kevin Jousset,Mi-moyens,4,2025-02-08,75,6.61,6,52,22,6.49,71,51,52,0.69,50,40,28,100,1,0.3,37
Khaos Williams,Mi-moyens,11,2026-05-16,75,4.97,23,39,71,5.34,61,41,75,0.0,70,0,70,52,57,0.0,58
Kiefer Crosbie,Mi-moyens,3,2025-08-23,75,4.46,32,64,1,5.8,68,47,65,0.0,70,0,70,40,72,0.0,58
Leon Edwards,Mi-moyens,20,2025-11-15,75,2.6,68,54,10,2.44,11,53,43,1.25,32,37,33,64,44,0.4,26
Leon Shahbazyan,Mi-moyens,1,2026-06-20,,0.0,,0,,15.65,,45,,0.0,,,,,,0.0,
Levan Chokheli,Mi-moyens,1,2026-06-20,,15.65,,55,,0.0,,100,,0.0,,,,,,0.0,
Matthew Semelsberger,Mi-moyens,11,2024-11-09,75,3.77,48,43,61,4.24,52,54,37,1.01,38,57,6,46,70,0.4,26
Max Griffin,Mi-moyens,19,2026-04-25,75,3.7,50,47,43,3.69,41,58,17,1.44,27,41,26,69,31,0.2,45
Max Holloway,Mi-moyens,33,2026-07-11,75,6.92,4,48,39,4.6,55,59,15,0.22,66,53,10,81,13,0.3,37
Michael Chiesa,Mi-moyens,22,2026-03-28,75,2.02,74,41,67,1.73,4,58,17,3.11,10,48,17,66,39,1.0,7
Michael Morales,Mi-moyens,7,2025-11-15,75,6.25,9,50,27,3.21,24,57,20,0.26,64,25,56,88,10,0.0,58
Michael Oliveira,Mi-moyens,1,2026-08-01,,7.71,,56,,3.3,,45,,0.0,,,,100,,0.0,
Mickey Gall,Mi-moyens,13,2024-11-16,75,3.5,55,50,27,4.72,57,50,58,1.15,33,32,47,38,74,1.6,2
Mike Malott,Mi-moyens,8,2026-04-18,75,3.94,44,52,22,2.83,18,57,20,1.57,25,57,6,73,21,0.6,16
Muslim Salikhov,Mi-moyens,15,2026-09-12,75,3.31,60,49,32,3.2,23,61,4,1.27,31,33,43,72,23,0.0,58
Myktybek Orolbai,Mi-moyens,7,2026-08-15,75,2.7,66,52,22,2.49,13,53,43,8.22,1,60,4,36,75,0.4,26
Neil Magny,Mi-moyens,38,2026-08-15,75,3.39,57,47,43,2.41,10,52,47,2.13,15,40,28,56,50,0.3,37
Nicolas Dalby,Mi-moyens,15,2025-11-22,75,3.88,45,44,57,3.51,32,52,47,0.9,41,27,53,59,48,0.1,51
Niko Price,Mi-moyens,21,2026-03-28,75,5.11,18,43,61,5.57,64,48,62,1.06,37,30,49,50,59,0.6,16
Nikolay Veretennikov,Mi-moyens,6,2026-05-16,75,2.56,69,54,10,3.4,30,44,71,0.5,54,22,63,67,34,0.5,21
Oban Elliott,Mi-moyens,6,2026-08-01,75,3.56,53,49,32,2.26,8,60,11,0.91,39,33,43,52,57,0.0,58
Phil Rowe,Mi-moyens,9,2026-02-21,75,3.11,64,47,43,3.96,46,51,52,0.5,54,36,35,54,54,0.3,37
Preston Parsons,Mi-moyens,6,2025-01-11,75,3.54,54,52,22,3.25,27,55,29,3.46,7,37,33,71,25,2.3,1
Punahele Soriano,Mi-moyens,12,2026-09-05,75,4.15,40,53,16,3.69,41,46,67,2.1,16,45,19,50,59,0.2,45
Rafael Dos Anjos,Mi-moyens,36,2024-10-26,75,3.48,56,47,43,3.23,25,60,11,1.95,22,36,35,55,53,0.6,16
Ramiz Brahimaj,Mi-moyens,10,2026-08-15,75,2.14,73,49,32,3.23,25,46,67,1.97,21,34,40,47,69,1.4,3
Randy Brown,Mi-moyens,22,2026-04-11,75,4.39,34,47,43,3.35,29,54,37,0.71,49,34,40,75,18,0.5,21
Rhys McKee,Mi-moyens,6,2025-09-06,75,4.71,26,41,67,7.15,73,47,65,0.0,70,0,70,48,66,0.0,58
Rinat Fakhretdinov,Mi-moyens,7,2025-09-06,75,5.02,21,53,16,3.61,36,54,37,3.91,4,34,40,92,4,0.2,45
Rodrigo Sezinando,Mi-moyens,1,2025-09-13,,2.25,,28,,8.76,,43,,3.37,,25,,67,,0.0,
Sam Patterson,Mi-moyens,7,2026-07-25,75,3.81,46,42,64,2.8,17,61,4,0.85,42,50,14,50,59,0.8,12
Santiago Ponzinibbio,Mi-moyens,21,2026-07-25,75,4.67,28,41,67,4.79,58,61,4,0.58,52,26,54,71,25,0.0,58
Saygid Izagakhmaev,Mi-moyens,2,2026-07-25,,1.77,,45,,1.77,,60,,3.0,,35,,67,,1.5,
Sean Brady,Mi-moyens,11,2026-05-09,75,4.08,42,53,16,2.77,16,60,11,3.58,6,51,13,87,11,0.8,12
Seokhyeon Ko,Mi-moyens,3,2026-07-18,75,3.0,65,50,27,1.47,3,65,2,3.33,8,59,5,50,59,0.3,37
Shavkat Rakhmonov,Mi-moyens,7,2024-12-07,75,3.25,61,60,6,2.17,7,51,52,1.4,29,26,54,86,12,1.2,5
Song Kenan,Mi-moyens,11,2024-11-23,75,4.49,31,47,43,5.82,69,51,52,0.42,59,30,49,74,20,0.0,58
Stephen Thompson,Mi-moyens,22,2025-07-12,75,4.05,43,46,52,3.0,19,55,29,0.23,65,36,35,63,46,0.0,58
Tahir Abdullayev,Mi-moyens,1,2026-06-27,,2.56,,43,,2.42,,51,,2.07,,33,,100,,0.0,
Taiyilake Nueraji,Mi-moyens,1,2025-08-23,,7.61,,71,,0.56,,33,,4.23,,33,,100,,0.0,
Themba Gorimbo,Mi-moyens,8,2026-05-02,75,2.7,66,57,9,1.75,5,52,47,4.52,2,62,3,73,21,0.4,26
Theodor Berggren,Mi-moyens,1,2026-06-27,,3.49,,36,,10.78,,34,,0.0,,,,,,0.0,
Tim Means,Mi-moyens,30,2024-10-05,75,5.04,20,49,32,3.65,38,60,11,1.14,34,40,28,65,40,0.2,45
Trevin Giles,Mi-moyens,14,2024-11-02,75,3.17,62,54,10,2.39,9,58,17,1.07,36,50,14,72,23,0.3,37
Trey Waters,Mi-moyens,3,2025-09-06,75,6.6,7,47,43,5.78,66,55,29,0.45,57,33,43,90,8,0.5,21
Ty Miller,Mi-moyens,2,2026-08-08,,12.6,,56,,4.0,,53,,0.0,,,,100,,0.0,
Uros Medic,Mi-moyens,11,2026-08-01,75,5.31,14,58,7,3.53,33,56,27,0.36,62,50,14,56,50,0.0,58
Victor Valenzuela (Mi-moyens),Mi-moyens,1,2026-04-25,,3.53,,45,,2.67,,55,,1.0,,50,,56,,0.0,
Yaroslav Amosov,Mi-moyens,2,2026-05-09,,2.65,,53,,1.38,,61,,11.11,,54,,,,3.2,
Zachary Scroggin,Mi-moyens,1,2024-11-09,,2.4,,38,,8.8,,69,,0.0,,,,,,0.0,
Abdul-Kareem Al-Selwady,Légers,2,2026-03-21,,4.61,,56,,3.33,,61,,1.74,,27,,55,,0.0,
Alexander Hernandez,Légers,18,2026-04-25,88,4.23,49,40,80,4.45,54,60,10,1.05,58,35,46,69,42,0.1,56
Anshul Jubli,Légers,3,2025-02-08,88,6.39,7,57,5,5.08,71,46,77,1.36,44,20,72,100,1,0.7,22
Arman Tsarukyan,Légers,13,2026-09-19,88,3.78,59,50,29,1.77,4,55,29,3.25,9,35,46,75,24,0.1,56
Artur Minev,Légers,1,2026-05-16,,1.02,,62,,3.57,,26,,0.0,,0,,65,,0.0,
Austin Hubbard,Légers,12,2025-08-23,88,3.97,56,42,70,4.1,38,55,29,1.63,34,29,62,68,46,0.1,56
Axel Sola,Légers,4,2026-09-05,88,4.55,39,51,24,4.52,55,61,6,1.79,30,36,41,67,47,0.4,38
Beneil Dariush,Légers,26,2026-05-02,88,3.74,61,49,37,2.63,9,57,18,2.21,24,38,36,83,11,0.8,19
Benoit Saint Denis,Légers,13,2026-07-11,88,5.58,19,58,2,4.09,37,42,82,4.15,4,35,46,72,35,1.7,4
Billy Quarantillo,Légers,12,2026-08-08,88,6.8,4,50,29,6.07,82,44,80,1.53,38,26,67,60,57,1.0,15
Bolaji Oki,Légers,5,2026-03-14,88,6.17,12,45,55,5.15,72,61,6,1.07,57,57,7,75,24,0.0,63
Charles Oliveira,Légers,37,2026-03-07,88,3.23,68,56,6,3.05,12,49,64,2.29,22,40,32,55,66,2.6,1
Charlie Campbell,Légers,3,2025-09-27,88,4.92,29,52,21,3.82,33,56,24,2.64,17,36,41,50,71,0.0,63
Chase Hooper,Légers,14,2026-07-18,88,4.32,46,48,43,3.05,12,41,85,2.82,14,34,50,50,71,2.1,3
Chris Duncan,Légers,8,2026-04-04,88,4.6,38,46,51,4.23,44,52,51,2.8,15,41,30,56,64,0.6,25
Chris Padilla,Légers,6,2026-08-22,88,6.67,5,54,14,4.85,66,51,56,1.1,54,29,62,83,11,0.4,38
Claudio Puelles,Légers,9,2025-09-13,88,1.54,88,47,48,2.62,8,48,69,3.29,8,34,50,60,57,1.0,15
Clay Guida,Légers,37,2024-12-07,88,2.73,81,33,86,3.18,17,61,6,2.76,16,34,50,69,42,0.6,25
Dakota Hope,Légers,1,2026-04-04,,7.07,,41,,7.0,,34,,1.0,,33,,100,,0.0,
Damian Rzepecki,Légers,1,2026-07-25,,1.07,,26,,4.93,,44,,1.0,,14,,67,,0.0,
Damir Hadzovic,Légers,10,2025-02-01,88,3.34,67,48,43,3.74,30,59,14,0.91,61,55,10,35,83,0.2,50
Damon Jackson,Légers,14,2024-11-16,88,2.96,77,43,67,3.47,21,49,64,2.3,21,33,53,38,80,1.2,9
Dan Hooker,Légers,25,2026-09-05,88,4.82,31,49,37,4.94,68,49,64,0.67,65,33,53,77,18,0.5,31
Daniel Zellhuber,Légers,7,2026-02-28,88,5.1,25,36,84,6.13,83,55,29,0.0,79,0,79,82,13,0.3,45
Darrius Flowers,Légers,4,2026-04-04,88,3.21,69,50,29,5.48,74,42,82,1.7,32,44,26,65,52,0.4,38
Diego Ferreira,Légers,18,2026-08-08,88,4.95,28,41,76,3.58,27,57,18,1.08,56,33,53,58,60,0.5,31
Dom Mar Fan,Légers,2,2026-05-02,,5.28,,57,,3.64,,49,,0.79,,25,,82,,0.0,
Drakkar Klose,Légers,14,2026-09-12,88,4.01,55,55,10,3.71,29,48,69,1.37,43,27,64,70,40,0.0,63
Drew Dober,Légers,27,2026-03-07,88,4.48,42,41,76,4.33,49,53,45,0.61,67,17,74,58,60,0.1,56
Dustin Poirier,Légers,32,2025-07-19,88,5.34,24,50,29,4.67,58,52,51,1.21,50,36,41,63,55,1.1,11
Edson Barboza,Légers,33,2026-08-15,88,4.15,51,45,55,4.76,62,56,24,0.42,71,50,13,73,31,0.1,56
Elves Brener,Légers,7,2026-09-26,88,4.82,31,48,43,5.67,77,51,56,0.94,60,17,74,71,36,0.0,63
Esteban Ribovics,Légers,8,2026-08-15,88,7.41,3,44,63,5.72,78,54,38,0.33,75,67,3,66,51,0.2,50
Evan Elder,Légers,5,2025-04-26,88,5.66,17,51,24,4.94,68,57,18,0.48,70,15,76,40,79,0.5,31
Fares Ziam,Légers,12,2026-09-05,88,2.7,82,52,21,1.63,1,63,2,1.84,29,43,27,71,36,0.5,31
Francis Marshall,Légers,7,2026-04-25,88,2.34,84,29,88,3.14,15,54,38,2.04,25,42,28,89,6,0.6,25
Gabe Green,Légers,6,2025-05-17,88,5.6,18,45,55,6.19,85,47,75,0.71,63,50,13,50,71,0.5,31
Gauge Young,Légers,4,2026-08-22,88,7.53,2,52,21,5.82,80,54,38,1.5,39,38,36,88,7,0.0,63
Grant Dawson,Légers,15,2026-05-09,88,3.11,75,51,24,2.2,7,45,78,3.62,5,39,34,70,40,1.2,9
Guram Kutateladze,Légers,5,2025-03-22,88,3.53,64,45,55,4.22,43,55,29,0.61,67,15,76,75,24,0.0,63
Ilia Topuria,Légers,10,2026-06-14,88,4.82,31,50,29,3.97,36,62,3,1.73,31,57,7,95,4,0.9,18
Ismael Bonfim,Légers,6,2026-07-25,88,4.92,29,55,10,4.27,46,53,45,1.3,45,33,53,73,31,0.0,63
Jai Herbert,Légers,10,2026-04-18,88,3.19,71,42,70,3.34,19,53,45,0.42,71,21,70,67,47,0.0,63
Jalin Turner,Légers,15,2026-08-15,88,5.46,22,49,37,4.34,50,41,85,0.63,66,50,13,75,24,1.1,11
James Llontop,Légers,3,2024-11-16,88,5.85,16,38,83,5.07,70,52,51,0.0,79,0,79,25,86,0.0,63
Jamie Mullarkey,Légers,13,2026-01-31,88,4.1,53,47,48,4.28,47,54,38,2.46,19,31,60,71,36,0.1,56
Jared Gordon,Légers,18,2026-05-09,88,5.57,20,54,14,4.11,39,55,29,1.91,27,35,46,60,57,0.0,63
Jeremy Stephens,Légers,36,2026-05-09,88,3.13,74,41,76,3.25,18,58,17,1.1,54,38,36,62,56,0.4,38
Jim Miller,Légers,47,2026-05-09,88,2.92,78,42,70,3.43,20,57,18,1.49,40,45,24,48,74,1.7,4
Joaquim Silva,Légers,12,2025-09-13,88,3.43,65,43,67,4.17,41,54,38,0.34,74,50,13,71,36,0.8,19
Joe Solecki,Légers,9,2025-01-11,88,1.92,87,53,18,1.9,5,50,60,1.99,26,47,21,14,87,1.3,8
Jordan Vucenic,Légers,2,2025-03-22,,2.11,,45,,1.9,,58,,0.63,,14,,44,,0.0,
Josiah Harrell,Légers,2,2026-09-26,,2.21,,46,,8.0,,30,,4.14,,40,,0,,0.0,
Justin Gaethje,Légers,16,2026-06-14,88,6.29,9,58,2,6.83,88,51,56,0.3,77,27,64,73,31,0.0,63
Kaue Fernandes,Légers,5,2026-08-15,88,4.26,48,55,10,1.63,1,60,10,1.16,52,100,1,77,18,0.0,63
King Green,Légers,31,2026-07-11,88,6.59,6,54,14,3.7,28,62,3,1.26,48,46,23,69,42,0.3,45
Kody Steele,Légers,2,2026-05-02,,3.17,,29,,6.65,,48,,1.58,,40,,,,0.8,
Kurt Holobaugh,Légers,9,2025-05-31,88,4.65,37,45,55,4.52,55,48,69,0.77,62,33,53,36,82,0.8,19
Kyle Nelson,Légers,12,2026-03-28,88,3.6,63,46,51,4.58,57,54,38,1.18,51,23,69,67,47,0.5,31
Kyle Prepolec,Légers,5,2026-08-01,88,3.01,76,34,85,6.59,87,45,78,0.0,79,0,79,42,78,0.0,63
Lance Gibson Jr.,Légers,2,2026-03-28,,2.4,,46,,4.24,,56,,1.67,,67,,75,,0.0,
Lando Vannata,Légers,14,2026-04-04,88,4.52,40,46,51,4.71,60,55,29,1.24,49,36,41,67,47,0.3,45
Lucas Brennan,Légers,1,2026-04-25,,0.6,,25,,2.2,,52,,0.0,,0,,33,,1.0,
Ludovit Klein,Légers,13,2026-08-01,88,3.83,58,54,14,3.57,26,53,45,1.29,47,50,13,77,18,0.0,63
Magomed Zaynukov,Légers,1,2026-07-25,,4.93,,56,,1.07,,74,,2.0,,33,,86,,0.0,
Maheshate,Légers,6,2025-08-23,88,4.11,52,32,87,6.56,86,51,56,0.0,79,0,79,47,75,0.0,63
Mandel Nallo,Légers,1,2026-04-18,,7.68,,52,,9.12,,32,,0.0,,,,,,0.0,
Manoel Sousa,Légers,2,2026-08-08,,4.73,,46,,4.45,,55,,0.51,,25,,82,,0.5,
Manuel Torres,Légers,7,2026-06-27,88,6.05,13,56,6,4.44,52,48,69,1.46,41,67,3,75,24,0.7,22
MarQuel Mederos,Légers,5,2026-08-22,88,5.94,14,60,1,5.41,73,52,51,0.22,78,6,78,75,24,0.0,63
Mark Choinski,Légers,1,2025-06-07,,3.87,,51,,7.33,,33,,2.0,,18,,,,0.0,
Mason Jones,Légers,8,2026-08-22,88,6.33,8,44,63,4.87,67,49,64,3.38,7,56,9,78,17,0.2,50
Mateusz Gamrot,Légers,14,2026-08-08,88,3.14,72,51,24,2.79,10,60,10,5.08,2,38,36,77,18,0.4,38
Mateusz Rebecki,Légers,9,2026-08-01,88,5.43,23,49,37,4.29,48,55,29,2.86,13,50,13,53,68,0.3,45
Matheus Camilo,Légers,3,2026-06-27,88,2.22,85,43,67,3.05,12,67,1,4.16,3,54,11,,,0.6,25
Matt Frevola,Légers,12,2025-10-18,88,3.38,66,40,80,3.9,35,57,18,2.24,23,41,30,38,80,0.6,25
Mauricio Ruffy,Légers,7,2026-09-19,88,3.68,62,56,6,3.53,24,59,14,0.0,79,0,79,87,8,0.0,63
Michael Chandler,Légers,8,2026-06-14,88,3.85,57,50,29,4.75,61,41,85,1.63,34,36,41,56,64,0.2,50
Michael Johnson,Légers,32,2026-03-07,88,4.27,47,40,80,3.78,31,59,14,0.57,69,39,34,81,15,0.0,63
Mike Davis (Légers),Légers,8,2026-07-25,88,4.18,50,55,10,4.25,45,56,24,2.4,20,50,13,51,70,1.1,11
Milos Janicic,Légers,1,2026-08-01,,4.44,,32,,3.7,,55,,0.0,,,,,,0.0,
Mitch Ramirez,Légers,3,2026-07-18,88,3.14,72,42,70,3.47,21,39,88,0.0,79,0,79,33,84,0.0,63
Nasrat Haqparast,Légers,16,2026-08-22,88,6.24,10,45,55,6.18,84,62,3,0.31,76,18,73,85,9,0.0,63
Nazim Sadykhov,Légers,7,2026-06-27,88,4.75,34,47,48,6.01,81,47,75,1.3,45,45,24,69,42,0.3,45
Nikolas Motta,Légers,7,2025-06-21,88,4.52,40,41,76,5.77,79,48,69,0.0,79,,,82,13,0.0,63
Noah Gugnon,Légers,1,2026-08-01,,3.7,,45,,4.44,,68,,0.0,,,,,,11.1,
Nurullo Aliev,Légers,4,2026-07-25,88,1.97,86,42,70,1.67,3,56,24,3.5,6,58,6,80,16,0.5,31
Ottman Azaitar,Légers,5,2024-12-14,88,4.43,43,45,55,4.11,39,52,51,0.0,79,,,100,1,0.0,63
Paddy Pimblett,Légers,9,2026-07-11,88,5.48,21,53,18,3.86,34,43,81,0.68,64,21,70,46,76,1.4,6
Quillan Salkilld,Légers,6,2026-08-08,88,4.38,44,58,2,2.02,6,50,60,5.74,1,33,53,77,18,1.0,15
Rafa Garcia,Légers,12,2026-09-12,88,4.33,45,44,63,4.68,59,61,6,3.02,12,42,28,77,18,0.4,38
Rafael Fiziev,Légers,13,2026-06-27,88,4.71,36,53,18,4.81,65,50,60,1.0,59,71,2,90,5,0.0,63
Renato Moicano,Légers,20,2026-04-04,88,4.1,53,49,37,3.55,25,60,10,1.68,33,40,32,64,53,0.6,25
Richie Miranda,Légers,1,2026-08-08,,3.07,,39,,4.47,,44,,1.0,,11,,0,,0.0,
Rolando Bedoya,Légers,4,2025-09-27,88,6.23,11,48,43,5.5,75,53,45,0.0,79,0,79,75,24,0.2,50
Rongzhu,Légers,7,2026-09-12,88,5.86,15,49,37,5.63,76,55,29,1.57,36,62,5,85,9,0.0,63
Salahdine Parnasse,Légers,1,2026-09-05,,4.65,,71,,5.42,,55,,0.0,,,,,,0.0,
Sangwook Kim,Légers,1,2026-01-31,,4.53,,51,,6.6,,43,,1.0,,10,,75,,0.0,
Shem Rock,Légers,2,2026-03-21,,3.03,,39,,4.4,,50,,1.0,,13,,89,,0.0,
Sodiq Yusuff,Légers,10,2025-05-17,88,4.97,27,48,43,4.17,41,54,38,0.41,73,25,68,55,66,0.4,38
Stan Dorsainvil,Légers,1,2026-08-22,,8.2,,41,,9.13,,46,,2.0,,29,,67,,0.0,
Terrance McKinney,Légers,14,2026-07-11,88,7.95,1,56,6,4.76,62,42,82,3.05,11,47,21,73,31,2.2,2
Thiago Moises,Légers,16,2026-04-18,88,2.38,83,42,70,4.44,52,53,45,1.4,42,30,61,52,69,1.1,11
Tofiq Musayev,Légers,3,2026-08-01,88,2.86,80,44,63,2.79,10,49,64,1.57,36,50,13,57,63,0.0,63
Tom Nolan,Légers,6,2026-06-06,88,4.72,35,45,55,3.8,32,48,69,1.11,53,27,64,58,60,1.4,6
Tommy Gantt,Légers,2,2026-09-12,,4.07,,70,,1.12,,47,,5.82,,32,,100,,0.7,
Trey Ogden,Légers,7,2025-01-11,88,3.2,70,50,29,3.49,23,56,24,1.89,28,32,59,100,1,0.7,22
Viacheslav Borshchev,Légers,10,2025-11-15,88,4.99,26,50,29,4.35,51,57,18,0.0,79,0,79,44,77,0.1,56
Vinc Pichel,Légers,12,2025-03-29,88,3.78,59,46,51,3.17,16,55,29,2.5,18,51,12,32,85,0.2,50
Yanal Ashmouz,Légers,4,2025-06-07,88,2.88,79,51,24,4.78,64,50,60,3.24,10,38,36,64,53,0.0,63
Aaron Pico,Plumes,2,2026-04-11,,6.16,,54,,3.11,,45,,6.54,,50,,,,0.0,
Alberto Montes,Plumes,2,2026-07-18,,4.6,,43,,14.31,,52,,0.0,,,,100,,0.8,
Alexander Volkanovski,Plumes,18,2026-01-31,79,5.99,8,57,9,3.31,32,59,17,1.63,29,34,46,69,32,0.2,46
Aljamain Sterling,Plumes,23,2026-04-25,79,4.26,31,53,16,2.15,8,59,17,2.54,18,32,51,45,66,0.6,27
Andre Fili,Plumes,27,2026-06-20,79,3.89,43,38,72,4.55,55,50,58,2.24,22,46,27,72,25,0.2,46
Arnold Allen,Plumes,15,2026-05-16,79,3.52,55,44,53,3.15,26,60,12,1.24,38,60,8,73,20,0.3,40
Austin Bashi,Plumes,3,2026-07-18,79,1.69,75,40,64,2.35,11,54,39,3.12,9,21,65,57,52,0.9,17
Bogdan Grad,Plumes,4,2026-08-01,79,3.25,59,59,4,2.84,18,49,61,5.33,1,38,40,75,14,0.8,20
Brian Ortega,Plumes,14,2025-08-23,79,3.84,45,37,76,6.38,74,49,61,0.93,48,25,59,55,55,0.9,17
Calvin Kattar,Plumes,15,2025-07-12,79,4.41,26,38,72,6.55,77,55,34,0.34,68,29,55,77,11,0.1,55
Chepe Mariscal,Plumes,6,2025-11-15,79,4.14,36,55,12,2.66,15,52,48,2.34,20,39,38,59,47,0.2,46
Christian Rodriguez,Plumes,10,2026-06-20,79,3.73,47,52,20,2.92,23,56,31,2.04,25,40,35,66,40,1.3,7
Connor Matthews,Plumes,3,2025-05-17,79,4.25,32,40,64,6.96,79,55,34,2.77,13,50,18,0,75,0.0,58
Cub Swanson,Plumes,26,2026-04-11,79,5.3,14,53,16,4.44,53,59,17,0.68,58,52,17,73,20,0.1,55
Damien Anderson,Plumes,1,2026-07-18,,0.47,,35,,0.4,,45,,0.0,,0,,33,,1.0,
Daniel Pineda,Plumes,14,2024-10-19,79,2.85,68,50,27,3.26,30,46,67,1.42,34,24,62,55,55,1.5,5
Daniel Santos,Plumes,6,2026-05-16,79,5.15,16,40,64,5.38,66,50,58,2.6,17,33,48,73,20,0.0,58
Danny Silva,Plumes,4,2026-03-21,79,4.2,34,48,34,5.31,65,62,7,2.08,24,32,51,73,20,0.3,40
Darren Elkins,Plumes,31,2026-08-08,79,3.39,57,38,72,3.34,33,51,54,2.86,12,34,46,56,53,1.1,12
David Onama,Plumes,9,2025-11-01,79,5.07,17,50,27,4.89,62,52,48,1.05,45,30,54,53,58,0.4,36
Dennis Buzukja,Plumes,6,2026-08-01,79,4.71,21,43,55,4.8,61,52,48,0.0,72,0,72,62,41,0.0,58
Diego Lopes,Plumes,10,2026-06-14,79,3.94,40,47,43,4.68,56,47,64,0.9,49,47,26,74,16,1.0,13
Dooho Choi,Plumes,11,2026-09-19,79,5.03,18,55,12,4.69,57,56,31,1.21,39,54,12,59,47,0.5,31
Douglas Silva de Andrade,Plumes,14,2026-02-28,79,3.54,54,39,69,4.09,47,57,26,0.54,61,43,31,72,25,0.2,46
Erik Silva,Plumes,3,2026-02-28,79,1.54,78,67,1,1.66,5,38,76,2.66,14,75,3,60,44,0.0,58
Ezra Elliott,Plumes,1,2026-07-18,,0.4,,55,,0.47,,65,,12.0,,67,,100,,3.0,
Felipe Lima,Plumes,4,2026-09-05,79,4.09,38,48,34,2.77,16,68,1,2.13,23,33,48,90,3,0.5,31
Fernando Padilla,Plumes,4,2024-12-14,79,6.07,6,40,64,5.74,68,52,48,0.0,72,0,72,100,1,0.6,27
Gabriel Miranda,Plumes,4,2025-03-29,79,3.23,60,44,53,6.01,71,38,76,4.75,4,38,40,0,75,1.9,3
Gabriel Santos,Plumes,4,2025-02-08,79,4.35,27,61,3,4.31,51,45,69,3.8,7,54,12,88,5,1.2,11
Gaston Bolanos,Plumes,5,2026-06-20,79,3.91,41,48,34,3.54,36,55,34,0.75,52,75,3,50,61,0.0,58
Gianni Vazquez,Plumes,2,2026-08-08,,1.71,,23,,3.91,,43,,0.0,,,,62,,1.7,
Giga Chikadze,Plumes,13,2026-09-19,79,3.84,45,42,59,3.55,37,60,12,0.19,71,40,35,69,32,0.2,46
Harry Hardwick,Plumes,2,2026-03-14,,5.47,,42,,8.54,,44,,0.0,,0,,,,0.0,
Hyder Amil,Plumes,6,2026-06-20,79,7.28,2,53,16,4.95,63,51,54,0.71,56,17,69,47,65,0.7,22
Isaac Dulgarian,Plumes,4,2025-11-01,79,2.99,65,64,2,1.65,4,41,75,4.57,5,50,18,,,1.8,4
Isaac Thomson,Plumes,1,2025-12-13,,1.4,,45,,2.2,,42,,4.0,,80,,33,,0.0,
Jack Jenkins,Plumes,7,2026-08-29,79,4.35,27,58,6,3.39,35,57,26,1.32,35,42,32,72,25,0.3,40
Jack Shore,Plumes,9,2024-11-02,79,3.6,50,58,6,2.31,10,56,31,3.22,8,40,35,74,16,0.6,27
Jamall Emmers,Plumes,10,2026-08-22,79,4.87,20,48,34,3.58,39,59,17,2.66,14,53,15,80,7,0.3,40
Javier Reyes,Plumes,2,2026-06-27,,5.73,,48,,3.68,,36,,1.62,,50,,,,0.0,
Jean Silva (Plumes),Plumes,7,2026-09-12,79,4.23,33,54,15,4.02,46,53,43,1.47,33,67,5,76,13,1.0,13
Jeka Saragih,Plumes,4,2025-06-07,79,1.91,74,52,20,4.39,52,28,79,1.2,40,50,18,67,37,0.0,58
JeongYeong Lee,Plumes,4,2025-05-10,79,3.17,64,49,32,3.8,42,51,54,0.65,60,67,5,74,16,0.0,58
Jessie Rosas,Plumes,1,2026-09-12,,5.0,,50,,11.67,,46,,0.0,,,,0,,0.0,
Joanderson Brito,Plumes,11,2026-09-19,79,2.33,71,51,23,2.35,11,43,72,3.02,10,67,5,58,51,1.3,7
Jonathan Pearce,Plumes,9,2024-10-12,79,4.18,35,53,16,2.85,19,55,34,5.02,2,50,18,50,61,0.9,17
JooSang Yoo,Plumes,3,2026-09-19,79,3.99,39,43,55,4.76,59,53,43,0.72,55,25,59,67,37,0.0,58
Jordan Leavitt,Plumes,10,2026-06-06,79,2.25,73,58,6,1.63,3,59,17,2.93,11,29,55,30,73,1.0,13
Jose Aldo,Plumes,23,2025-05-10,79,3.57,51,45,52,4.21,50,58,25,0.51,64,50,18,92,2,0.2,46
Jose Delano,Plumes,1,2026-04-04,,7.13,,62,,4.47,,66,,0.0,,0,,100,,0.0,
Jose Delgado,Plumes,6,2026-09-12,79,5.43,12,52,20,3.93,44,53,43,0.49,66,20,66,59,47,0.0,58
Josh Emmett,Plumes,17,2026-03-14,79,3.67,48,36,77,4.52,54,60,12,1.07,43,37,43,44,67,0.1,55
Julian Erosa,Plumes,18,2026-03-28,79,6.06,7,48,34,6.23,73,49,61,1.81,27,45,28,62,41,0.7,22
Kaan Ofli,Plumes,5,2026-06-27,79,2.49,70,48,34,3.17,28,57,26,0.34,68,7,71,0,75,0.7,22
Kai Kamaka III,Plumes,2,2026-07-11,,7.09,,64,,8.25,,54,,0.0,,0,,67,,0.0,
Keiichiro Nakamura,Plumes,1,2026-01-31,,3.26,,38,,5.72,,61,,0.0,,,,0,,0.0,
Kevin Vallejos,Plumes,4,2026-03-14,79,5.68,9,47,43,3.55,37,59,17,1.06,44,33,48,90,3,0.0,58
Kron Gracie,Plumes,4,2024-12-07,79,2.95,66,42,59,5.73,67,52,48,0.35,67,25,59,0,75,0.7,22
Kurtis Campbell,Plumes,2,2026-09-05,,3.27,,60,,1.5,,58,,12.08,,52,,0,,0.8,
Lerone Murphy,Plumes,11,2026-03-21,79,4.34,29,51,23,2.65,14,60,12,1.2,40,54,12,44,67,0.5,31
Lerryan Douglas,Plumes,2,2026-08-22,,5.99,,57,,4.73,,55,,0.0,,,,,,0.0,
Losene Keita,Plumes,2,2026-09-05,,3.91,,47,,3.97,,65,,0.0,,,,100,,0.0,
Lucas Alexander,Plumes,4,2025-02-01,79,4.69,22,57,9,2.87,20,57,26,0.0,72,0,72,60,44,0.0,58
Lucas Almeida,Plumes,6,2025-10-11,79,4.53,24,38,72,4.7,58,43,72,0.0,72,0,72,55,55,0.0,58
Luke Riley,Plumes,3,2026-07-11,79,6.67,4,59,4,3.86,43,61,9,0.0,72,,,38,71,0.0,58
Mairon Santos,Plumes,4,2025-12-06,79,3.33,58,48,34,2.24,9,66,3,0.0,72,0,72,69,32,0.0,58
Manolo Zecchini,Plumes,2,2026-04-04,,3.72,,28,,12.82,,45,,0.0,,,,,,0.0,
Marcio Barbosa,Plumes,2,2026-08-22,,3.64,,45,,2.43,,71,,0.0,,,,100,,0.0,
Marwan Rahiki,Plumes,3,2026-09-12,79,6.87,3,50,27,5.87,69,61,9,0.54,61,50,18,17,74,0.0,58
Melquizael Costa,Plumes,10,2026-05-16,79,4.29,30,47,43,3.19,29,50,58,1.53,32,35,44,51,59,0.8,20
Melsik Baghdasaryan,Plumes,6,2026-06-20,79,4.43,25,56,11,2.96,24,57,26,0.0,72,,,69,32,0.0,58
Michael Aswell Jr.,Plumes,5,2026-09-19,79,6.22,5,41,62,6.13,72,54,39,0.24,70,20,66,67,37,0.0,58
Miles Johns,Plumes,13,2026-08-08,79,3.23,60,43,55,2.89,22,67,2,1.03,46,22,63,77,11,0.0,58
Mohammad Yahya,Plumes,3,2025-07-26,79,3.5,56,40,64,6.39,75,43,72,0.5,65,20,66,43,70,0.5,31
Morgan Charriere,Plumes,7,2026-09-05,79,3.65,49,43,55,5.18,64,52,48,1.59,30,39,38,71,29,0.5,31
Movsar Evloev,Plumes,10,2026-03-21,79,3.91,41,48,34,2.8,17,61,9,4.78,3,53,15,61,43,0.2,46
Muhammad Naimov,Plumes,8,2026-09-05,79,2.29,72,39,69,2.98,25,44,70,1.73,28,35,44,74,16,0.2,46
Murtazali Magomedov,Plumes,1,2026-06-20,,3.9,,71,,2.34,,77,,11.69,,50,,,,11.7,
Nate Landwehr,Plumes,11,2026-04-11,79,5.55,11,46,49,5.96,70,51,54,0.73,53,42,32,72,25,0.7,22
Nathaniel Wood,Plumes,15,2026-09-05,79,5.36,13,50,27,4.19,49,54,39,1.25,37,49,25,75,14,0.4,36
Ollie Schmid,Plumes,1,2026-05-02,,3.23,,30,,7.9,,45,,0.0,,,,,,0.0,
Otari Tanzilovi,Plumes,1,2026-06-20,,3.87,,65,,5.07,,45,,5.0,,56,,100,,0.0,
Pat Sabatini,Plumes,11,2026-05-09,79,1.69,75,55,12,1.16,2,54,39,4.27,6,41,34,50,61,1.3,7
Patricio Freire,Plumes,2,2025-07-19,,2.4,,49,,3.9,,52,,3.0,,46,,0,,0.5,
Patricio Pitbull,Plumes,2,2026-09-19,,4.71,,53,,6.5,,47,,0.0,,,,54,,0.0,
Pavel Andrusca,Plumes,1,2026-09-05,,3.33,,48,,1.87,,67,,4.0,,21,,,,1.0,
Ramon Taveras,Plumes,3,2025-09-27,79,3.87,44,42,59,6.47,76,53,43,0.0,72,0,72,73,20,0.0,58
Ricardo Ramos,Plumes,15,2025-10-11,79,2.91,67,36,77,3.97,45,55,34,2.51,19,58,9,68,36,1.0,13
Ricky Turcios,Plumes,6,2026-03-07,79,4.14,36,41,62,3.79,41,47,64,1.03,46,22,63,44,67,0.4,36
Robert Ruchala,Plumes,2,2026-04-04,,3.37,,34,,5.2,,45,,1.0,,22,,71,,0.0,
Roberto Romero,Plumes,2,2025-04-26,,4.56,,49,,6.44,,44,,0.0,,0,,71,,0.0,
Rodrigo Vera,Plumes,1,2026-05-30,,9.27,,59,,3.82,,50,,8.18,,100,,,,0.0,
Ryan Kuse,Plumes,1,2026-08-22,,1.8,,24,,3.95,,56,,0.0,,0,,,,0.0,
Sean King III,Plumes,1,2026-09-12,,11.67,,54,,5.0,,50,,25.0,,100,,,,0.0,
Sean Woodson,Plumes,11,2026-08-29,79,5.63,10,46,49,4.18,48,59,17,0.54,61,45,28,88,5,0.3,40
Sebastian Szalay,Plumes,1,2026-01-31,,5.72,,39,,3.26,,62,,1.09,,100,,,,0.0,
SeungWoo Choi,Plumes,11,2025-03-15,79,3.56,52,39,69,3.16,27,47,64,0.83,51,55,11,70,30,0.0,58
Shane Collins,Plumes,1,2026-06-20,,5.07,,55,,3.87,,35,,0.0,,0,,44,,3.0,
Steve Garcia,Plumes,11,2026-06-14,79,4.98,19,47,43,2.01,7,63,6,0.88,50,57,10,80,7,0.4,36
Steven Nguyen,Plumes,2,2025-07-26,,6.2,,39,,6.48,,55,,0.6,,100,,100,,0.0,
Tommy McMillen,Plumes,3,2026-09-12,79,12.8,1,47,43,4.78,60,60,12,2.31,21,100,1,50,61,1.4,6
Trevor Peek,Plumes,6,2026-09-05,79,3.55,53,51,23,3.34,33,44,70,1.15,42,50,18,51,59,0.0,58
Victor Hugo,Plumes,2,2024-10-26,,3.77,,45,,3.4,,56,,0.5,,25,,75,,0.5,
Vinicius Oliveira,Plumes,6,2026-06-20,79,5.28,15,48,34,2.88,21,59,17,1.32,35,44,30,70,30,0.2,46
Westin Wilson,Plumes,4,2025-08-23,79,1.57,77,32,79,6.71,78,30,78,1.57,31,17,69,33,72,7.9,1
William Gomis,Plumes,7,2026-05-09,79,3.2,62,49,32,2.6,13,62,7,0.73,53,38,40,78,9,0.3,40
Yadier del Valle,Plumes,4,2026-08-08,79,1.26,79,46,49,0.9,1,66,3,0.68,58,100,1,60,44,2.7,2
Yair Rodriguez,Plumes,16,2025-04-12,79,4.65,23,47,43,3.78,40,53,43,0.71,56,29,55,59,47,0.6,27
Yizha,Plumes,4,2026-01-31,79,3.2,62,50,27,3.27,31,46,67,2.63,16,29,55,78,9,0.0,58
Youssef Zalal,Plumes,13,2026-04-25,79,2.78,69,51,23,1.79,6,65,5,1.84,26,32,51,56,53,1.3,7
Zhu Kangjie,Plumes,1,2026-05-30,,3.82,,50,,9.27,,41,,0.0,,,,0,,0.0,
AJ Cunningham,Coqs,2,2025-03-15,,2.65,,41,,3.98,,37,,0.0,,,,46,,0.8,
Abdul Hussein,Coqs,1,2026-07-25,,4.96,,66,,3.35,,46,,1.14,,50,,67,,3.4,
Adrian Luna Martinetti,Coqs,1,2026-04-25,,6.6,,51,,10.8,,47,,1.0,,20,,100,,0.0,
Adrian Yanez,Coqs,11,2026-07-11,76,5.92,3,42,59,5.23,69,57,26,0.0,70,0,70,75,22,0.0,59
Aiemann Zahabi,Coqs,11,2026-06-14,76,4.47,27,48,33,4.11,48,68,3,0.12,69,14,65,84,10,0.0,59
Alatengheili,Coqs,10,2026-09-26,76,2.71,66,32,75,4.96,64,57,26,1.88,29,42,20,75,22,0.0,59
Aleksandre Topuria,Coqs,2,2025-11-22,,2.93,,55,,2.57,,69,,1.5,,33,,100,,0.0,
Angel Pacheco,Coqs,2,2026-02-28,,4.8,,32,,9.03,,45,,0.5,,100,,11,,0.0,
Aoriqileng,Coqs,11,2026-08-29,76,4.29,34,50,25,5.62,71,47,69,1.05,43,47,13,60,47,0.1,53
Baergeng Jieleyisi,Coqs,1,2024-11-23,,0.6,,12,,2.8,,52,,1.0,,100,,60,,0.0,
Bekzat Almakhan,Coqs,4,2026-06-27,76,2.58,67,39,70,4.23,53,53,49,0.0,70,0,70,59,49,0.0,59
Benardo Sopaj,Coqs,3,2026-05-16,76,4.39,31,58,6,4.69,62,53,49,2.43,22,60,3,77,19,0.8,20
Borislav Nikolic,Coqs,1,2026-08-01,,3.8,,39,,2.8,,59,,1.0,,100,,62,,2.0,
Brad Katona,Coqs,9,2025-05-10,76,4.81,21,52,19,4.75,63,50,60,1.86,30,34,42,62,44,0.0,59
Brady Hiestand,Coqs,5,2026-09-26,76,2.72,65,50,25,3.67,34,52,52,4.13,5,38,27,62,44,1.4,7
Bryce Mitchell,Coqs,13,2026-06-06,76,2.19,73,59,4,1.51,2,59,19,3.12,13,36,34,38,68,1.3,8
Cameron Saaiman,Coqs,6,2025-04-26,76,5.5,7,49,30,4.42,60,50,60,0.82,50,27,55,50,60,0.5,27
Cameron Smotherman,Coqs,4,2026-05-30,76,3.97,40,37,72,3.37,24,60,11,0.0,70,,,62,44,0.0,59
Caolan Loughran,Coqs,4,2025-03-22,76,4.73,24,43,51,5.2,68,52,52,3.0,14,34,42,88,5,0.0,59
Carlos Vera,Coqs,2,2025-03-15,,1.53,,57,,2.79,,50,,0.0,,0,,25,,1.6,
Chad Anheliger,Coqs,5,2024-11-02,76,3.11,55,44,47,2.9,17,54,45,0.82,50,36,34,27,73,0.4,31
ChangHo Lee,Coqs,3,2025-11-01,76,3.69,45,65,1,2.63,13,36,74,2.71,19,33,45,50,60,0.4,31
Charles Jourdain,Coqs,18,2026-09-19,76,5.44,8,50,25,4.22,52,56,31,0.36,64,21,59,45,66,0.6,23
Chris Gutierrez,Coqs,15,2025-10-04,76,4.4,30,58,6,2.65,14,63,6,0.3,65,31,51,68,32,0.1,53
Cody Garbrandt,Coqs,18,2026-07-11,76,2.82,62,40,65,3.69,35,59,19,0.84,49,22,57,82,12,0.0,59
Cody Gibson,Coqs,11,2026-07-25,76,3.59,48,47,35,3.42,25,55,38,2.01,27,38,27,68,32,0.9,16
Cody Haddon,Coqs,2,2026-05-30,,8.88,,56,,2.7,,60,,2.7,,40,,83,,0.0,
Cody Stamann,Coqs,15,2024-11-09,76,4.32,33,47,35,3.91,41,60,11,2.17,25,37,33,76,20,0.0,59
Colby Thicknesse,Coqs,3,2026-05-02,76,3.24,54,41,63,2.93,18,54,45,0.67,59,7,68,33,70,1.7,3
Cortavious Romious,Coqs,2,2025-04-05,,1.18,,41,,4.08,,35,,3.78,,67,,33,,0.0,
Cory Sandhagen,Coqs,17,2026-07-11,76,4.92,19,45,43,3.72,36,55,38,1.14,41,34,42,57,51,0.2,46
Cristian Quinonez,Coqs,4,2026-02-28,76,3.02,58,45,43,3.02,20,53,49,4.12,6,53,7,80,15,0.9,16
Da'Mon Blackshear,Coqs,10,2025-07-26,76,4.33,32,46,39,4.19,51,52,52,1.48,38,33,45,71,31,1.5,5
Dan Argueta,Coqs,6,2024-10-12,76,2.48,69,43,51,3.44,27,51,59,4.36,4,36,34,56,55,1.5,5
Dan Ige,Coqs,22,2026-09-12,76,3.48,50,44,47,3.65,33,56,31,0.71,57,22,57,56,55,0.1,53
Daniel Marcos,Coqs,7,2025-11-08,76,4.82,20,55,9,3.93,42,58,23,1.59,37,53,7,86,7,0.2,46
Davey Grant,Coqs,16,2026-04-25,76,5.58,5,45,43,4.04,45,55,38,0.95,46,39,23,65,40,0.2,46
David Martinez,Coqs,4,2026-09-12,76,4.27,36,43,51,2.52,12,72,1,0.91,47,38,27,100,1,0.0,59
Deiveson Figueiredo,Coqs,22,2026-05-30,76,2.57,68,54,12,3.43,26,50,60,1.61,35,35,39,57,51,1.2,10
Elijah Smith,Coqs,3,2026-03-14,76,3.69,45,55,9,1.7,4,52,52,1.78,31,75,1,46,65,1.2,10
Ethyn Ewing,Coqs,2,2026-04-04,,7.44,,55,,4.53,,63,,1.68,,60,,100,,0.0,
Farid Basharat,Coqs,7,2026-07-11,76,3.94,41,51,23,3.47,28,61,9,3.66,9,35,39,55,58,0.3,36
Francesco Nuzzi,Coqs,1,2026-08-29,,11.0,,55,,4.0,,43,,0.0,,,,,,0.0,
Garrett Armfield,Coqs,5,2024-11-02,76,5.35,11,54,12,3.64,31,56,31,1.1,42,50,10,65,40,0.6,23
Hecher Sosa,Coqs,1,2026-03-14,,6.93,,47,,4.13,,63,,0.0,,,,64,,0.0,
Hector Santiago,Coqs,1,2026-08-29,,5.1,,27,,5.44,,46,,0.0,,,,100,,0.0,
Henry Cejudo,Coqs,16,2025-12-06,76,3.83,43,47,35,3.84,38,57,26,1.78,31,30,52,72,28,0.1,53
Ilimbek Akylbek,Coqs,1,2026-09-26,,2.59,,50,,2.59,,54,,6.47,,50,,,,0.0,
Jafel Filho,Coqs,6,2026-04-25,76,1.63,75,40,65,1.52,3,52,52,2.36,23,56,6,47,64,1.8,2
Jake Hadley,Coqs,7,2024-10-19,76,3.86,42,43,51,4.31,57,60,11,0.18,68,6,69,58,50,0.9,16
Jakub Wiklacz,Coqs,2,2026-02-07,,3.4,,44,,3.87,,46,,0.0,,,,42,,2.5,
Jamie Siraj,Coqs,1,2026-04-18,,2.21,,25,,7.73,,38,,0.0,,0,,,,0.0,
Javid Basharat,Coqs,7,2026-02-07,76,5.22,12,53,15,3.08,21,64,5,1.6,36,36,34,84,10,0.0,59
Jean Matsumoto,Coqs,6,2026-06-27,76,5.12,14,40,65,5.06,65,49,65,3.35,11,42,20,55,58,0.5,27
John Castaneda,Coqs,10,2026-09-26,76,5.0,17,52,19,5.07,66,55,38,1.26,40,39,23,74,25,0.3,36
John Garza,Coqs,1,2026-07-11,,5.47,,44,,5.73,,36,,0.0,,,,77,,0.0,
John Yannis,Coqs,3,2026-06-06,76,3.56,49,49,30,4.07,46,63,6,0.0,70,,,80,15,0.0,59
Jonathan Martinez,Coqs,15,2024-11-16,76,4.44,28,50,25,4.09,47,57,26,0.38,63,36,34,68,32,0.1,53
Josias Musasa,Coqs,2,2025-09-27,,3.07,,47,,4.27,,42,,0.82,,33,,88,,0.0,
Juan Diaz,Coqs,1,2026-05-16,,1.42,,52,,1.64,,55,,8.21,,62,,,,1.6,
Kai Asakura,Coqs,4,2026-08-29,76,3.07,57,40,65,3.15,22,52,52,0.0,70,0,70,50,60,0.0,59
Kris Moutinho,Coqs,4,2026-02-28,76,3.35,53,33,74,9.36,76,31,76,0.0,70,0,70,30,72,0.0,59
Kyler Phillips,Coqs,10,2026-04-18,76,4.68,25,43,51,3.84,38,59,19,2.84,17,47,13,75,22,0.3,36
Lawrence Lui,Coqs,2,2026-08-29,,4.02,,40,,4.12,,64,,5.03,,44,,,,0.0,
Luan Lacerda,Coqs,4,2026-03-14,76,4.06,39,43,51,6.15,73,49,65,2.82,18,39,23,67,35,0.6,23
Luis Gurule,Coqs,5,2026-05-30,76,5.02,16,41,63,5.65,72,57,26,0.81,52,18,61,73,27,0.3,36
Mahammadali Osmanli,Coqs,1,2026-09-26,,2.59,,46,,2.59,,50,,0.0,,,,50,,0.0,
Malcolm Wellmaker,Coqs,4,2026-05-16,76,4.28,35,53,15,3.93,42,52,52,0.0,70,0,70,43,67,0.0,59
Marcus McGhee,Coqs,6,2026-06-06,76,5.44,8,44,47,3.64,31,56,31,0.24,66,11,67,90,4,0.2,46
Mario Bautista,Coqs,15,2026-07-11,76,5.52,6,50,25,4.17,49,54,45,2.49,21,39,23,57,51,1.1,13
Mark Vologdin,Coqs,2,2026-08-01,,4.43,,42,,6.4,,52,,2.0,,29,,0,,0.0,
Marlon Vera,Coqs,27,2026-09-19,76,4.24,38,48,33,5.39,70,50,60,0.57,60,45,17,72,28,0.7,21
Merab Dvalishvili,Coqs,17,2025-12-06,76,4.42,29,42,59,2.8,16,54,45,5.97,1,35,39,76,20,0.4,31
Montel Jackson,Coqs,14,2026-09-26,76,2.95,60,54,12,1.39,1,60,11,2.5,20,60,3,66,39,0.4,31
Muin Gafurov,Coqs,5,2026-02-07,76,3.68,47,47,35,2.35,10,59,19,0.74,55,19,60,67,35,0.0,59
Nathan Fletcher,Coqs,3,2025-08-02,76,3.41,51,60,2,2.16,9,58,23,3.37,10,38,27,50,60,0.7,21
Patchy Mix,Coqs,2,2025-10-04,,5.3,,44,,7.3,,43,,2.5,,62,,,,0.0,
Payton Talbott,Coqs,6,2025-12-06,76,5.87,4,59,4,3.0,19,45,71,0.97,45,50,10,72,28,0.2,46
Pedro Falcao,Coqs,2,2025-04-05,,3.3,,44,,4.7,,49,,2.5,,19,,33,,0.0,
Pedro Munhoz,Coqs,22,2024-11-02,76,5.38,10,42,59,6.29,74,56,31,0.48,61,16,63,82,12,0.5,27
Petr Yan,Coqs,16,2025-12-06,76,5.16,13,55,9,4.24,54,60,11,1.7,33,49,12,86,7,0.1,53
Quang Le,Coqs,4,2025-09-13,76,2.82,62,39,70,4.59,61,50,60,2.9,15,33,45,100,1,0.4,31
Rafael Estevam,Coqs,4,2026-04-04,76,1.87,74,32,75,4.35,59,45,71,5.02,3,33,45,67,35,0.3,36
Raoni Barcelos,Coqs,16,2026-09-26,76,4.77,22,52,19,4.34,58,60,11,2.88,16,33,45,86,7,1.0,15
Raul Rosas Jr.,Coqs,8,2026-09-26,76,2.25,72,43,51,2.4,11,49,65,5.34,2,53,7,56,55,0.6,23
Ricky Simon,Coqs,18,2026-09-26,76,2.97,59,42,59,4.01,44,60,11,3.83,8,38,27,79,17,0.3,36
Rinya Nakamura,Coqs,6,2026-09-26,76,2.82,62,51,23,1.74,5,62,8,2.15,26,57,5,100,1,1.1,13
Rob Font,Coqs,21,2026-03-07,76,5.11,15,45,43,3.53,29,58,23,0.7,58,30,52,37,69,0.3,36
Said Nurmagomedov,Coqs,11,2025-07-26,76,3.08,56,49,30,2.05,7,56,31,0.86,48,15,64,63,43,1.2,10
Saimon Oliveira,Coqs,4,2025-10-11,76,2.4,70,43,51,4.18,50,42,73,0.42,62,14,65,33,70,1.7,3
Santiago Luna,Coqs,3,2026-06-06,76,4.74,23,53,15,2.76,15,68,3,2.3,24,71,2,57,51,0.9,16
Sean O'Malley,Coqs,16,2026-06-14,76,5.97,2,60,2,3.34,23,60,11,0.24,66,43,18,60,47,0.2,46
Serhiy Sidey,Coqs,3,2025-05-03,76,4.49,26,40,65,4.24,54,55,38,1.67,34,25,56,20,74,1.3,8
Song Yadong,Coqs,18,2026-08-29,76,4.26,37,44,47,3.76,37,55,38,0.79,53,41,22,74,25,0.3,36
SuYoung You,Coqs,4,2026-03-14,76,2.37,71,52,19,2.13,8,70,2,3.23,12,38,27,0,75,0.3,36
Sulangrangbo,Coqs,1,2026-01-31,,3.73,,45,,3.47,,65,,0.0,,,,53,,0.0,
Timmy Cuamba,Coqs,5,2026-05-16,76,2.89,61,46,39,3.54,30,56,31,1.47,39,32,50,67,35,0.0,59
Toshiomi Kazama,Coqs,4,2025-08-09,76,1.32,76,46,39,7.48,75,36,74,1.89,28,17,62,,,1.9,1
Umar Nurmagomedov,Coqs,10,2026-08-29,76,3.76,44,57,8,1.85,6,61,9,3.94,7,46,16,79,17,0.2,46
Victor Henry,Coqs,7,2025-04-05,76,7.17,1,53,15,5.19,67,48,68,1.04,44,43,18,81,14,0.3,36
Vince Morales,Coqs,12,2026-05-02,76,3.36,52,37,72,3.87,40,55,38,0.74,55,47,13,64,42,0.5,27
Xiao Long,Coqs,5,2026-08-29,76,4.98,18,46,39,4.26,56,47,69,0.78,54,30,52,88,5,0.0,59
Alden Coria,Mouches,3,2026-07-18,46,4.05,15,42,32,2.21,7,70,1,2.21,12,55,5,56,29,1.5,4
Alessandro Costa,Mouches,8,2026-07-11,46,3.94,17,49,16,3.81,25,54,23,0.85,30,27,29,85,4,0.9,17
Alex Perez,Mouches,16,2026-08-29,46,3.77,21,45,25,3.17,17,58,14,2.36,11,46,8,74,10,0.6,23
Alexandre Pantoja,Mouches,19,2026-09-19,46,4.54,10,51,9,4.23,34,48,38,2.82,7,44,13,69,15,0.9,17
Alibi Idiris,Mouches,2,2026-02-21,,2.51,,44,,2.64,,60,,3.25,,31,,67,,0.0,
Allan Nascimento,Mouches,6,2026-06-20,46,2.41,42,45,25,1.93,2,57,15,1.05,26,25,35,44,37,1.0,15
Amir Albazi,Mouches,7,2026-02-07,46,2.47,41,34,45,3.88,26,59,11,1.18,20,25,35,62,24,0.4,27
Andre Lima,Mouches,6,2026-08-29,46,3.86,18,56,3,3.05,14,59,11,0.95,28,56,4,73,11,1.1,13
Asu Almabayev,Mouches,8,2026-06-27,46,2.28,44,51,9,1.94,3,54,23,4.74,1,46,8,44,37,1.4,6
Azat Maksum,Mouches,4,2025-10-25,46,2.75,38,28,46,4.25,36,53,27,3.5,6,32,21,86,3,0.2,36
Bilal Hasan,Mouches,1,2026-08-29,,7.1,,41,,4.42,,50,,2.01,,100,,,,0.0,
Brandon Moreno,Mouches,21,2026-09-12,46,3.86,18,44,29,3.69,23,60,9,1.39,17,41,16,67,16,0.4,27
Brandon Royval,Mouches,13,2026-07-11,46,5.6,2,43,31,4.24,35,43,42,0.89,29,64,2,45,36,1.2,11
Bruno Silva (Mouches),Mouches,11,2026-06-06,46,4.24,12,52,7,4.93,42,51,31,1.9,13,25,35,71,12,0.3,33
CJ Vergara,Mouches,8,2025-03-29,46,4.95,5,57,2,4.69,39,53,27,0.0,43,,,60,26,0.2,36
Carlos Hernandez,Mouches,7,2025-05-17,46,3.56,24,45,25,3.51,21,51,31,1.89,14,26,32,64,22,0.0,40
Charles Johnson,Mouches,16,2026-08-15,46,4.6,8,50,12,3.93,29,56,19,0.44,40,15,42,67,16,0.4,27
Clayton Carpenter,Mouches,5,2026-05-09,46,3.41,26,50,12,4.83,41,46,40,1.33,18,29,26,50,31,1.3,9
Cody Durden,Mouches,17,2026-07-11,46,3.27,29,44,29,3.89,28,51,31,3.82,3,48,7,57,28,0.6,23
Daniel Barez,Mouches,4,2026-05-16,46,4.97,4,48,17,7.5,46,49,35,0.64,37,25,35,67,16,0.0,40
DongHun Choi,Mouches,1,2024-11-23,,4.62,,63,,0.77,,91,,0.0,,,,,,0.0,
Edgar Chairez,Mouches,8,2026-09-12,46,3.86,18,47,21,4.51,37,52,29,0.0,43,0,43,50,31,1.6,3
Fabia Sintes,Mouches,1,2026-09-05,,1.87,,57,,0.67,,69,,3.0,,38,,100,,3.0,
Felipe Bunes,Mouches,4,2026-02-28,46,3.17,31,46,24,4.57,38,47,39,1.08,25,25,35,40,42,1.4,6
Felipe dos Santos,Mouches,4,2025-03-22,46,3.75,22,39,41,3.8,24,42,43,0.0,43,0,43,20,45,0.5,25
HyunSung Park,Mouches,5,2025-10-18,46,3.17,31,38,42,2.89,11,57,15,1.05,26,33,19,44,37,1.4,6
Imanol Rodriguez,Mouches,1,2026-02-28,,4.92,,55,,2.35,,58,,1.6,,33,,,,0.0,
Jesus Aguilar,Mouches,7,2026-03-07,46,2.63,40,37,43,2.48,8,61,7,1.11,22,26,32,46,34,1.1,13
Jimmy Flick,Mouches,6,2025-04-26,46,1.57,46,48,17,5.6,43,41,45,2.39,10,30,23,0,46,2.4,1
Jose Johnson,Mouches,4,2025-01-11,46,2.36,43,54,5,1.85,1,52,29,0.84,31,67,1,52,30,0.8,21
Jose Ochoa,Mouches,4,2026-05-09,46,5.16,3,47,21,2.99,13,59,11,0.3,42,25,35,66,20,0.9,17
Joseph Morales,Mouches,6,2026-09-12,46,2.75,38,40,37,2.72,9,60,9,1.1,23,27,29,24,44,2.2,2
Joshua Van,Mouches,12,2026-09-19,46,8.26,1,58,1,5.83,44,57,15,0.7,34,62,3,75,9,0.3,33
Kai Kara-France,Mouches,13,2025-06-28,46,4.46,11,40,37,3.24,18,64,3,0.56,39,30,23,84,5,0.0,40
Kevin Borjas,Mouches,7,2026-08-29,46,3.31,27,42,32,5.93,45,49,35,0.0,43,0,43,76,8,0.0,40
Kiru Sahota,Mouches,1,2024-11-23,,0.77,,9,,4.62,,37,,0.0,,,,,,0.0,
Kyoji Horiguchi,Mouches,11,2026-06-20,46,3.64,23,48,17,2.08,5,64,3,1.67,16,40,17,61,25,0.1,39
Lone'er Kavanagh,Mouches,5,2026-07-11,46,4.1,14,50,12,3.94,30,54,23,1.15,21,46,8,83,6,0.4,27
Lucas Rocha,Mouches,2,2025-10-11,,5.95,,49,,3.56,,60,,2.03,,75,,83,,0.0,
Manel Kape,Mouches,11,2026-06-20,46,4.68,7,55,4,3.88,26,57,15,0.36,41,30,23,79,7,0.2,36
Matheus Nicolau,Mouches,11,2024-10-19,46,3.31,27,52,7,2.98,12,66,2,1.22,19,43,15,90,2,0.9,17
Matt Schnell,Mouches,17,2026-06-06,46,4.05,15,40,37,4.18,33,55,22,0.59,38,45,11,43,41,1.2,11
Michael Aljarouj,Mouches,1,2026-09-05,,0.67,,31,,1.87,,43,,0.0,,0,,62,,1.0,
Mitch Raposo,Mouches,4,2026-06-20,46,1.82,45,42,32,2.88,10,61,7,1.75,15,32,21,71,12,0.0,40
Namsrai Batbayar,Mouches,1,2026-08-29,,3.91,,36,,3.6,,39,,0.0,,0,,,,0.0,
Nilson Rojas,Mouches,1,2026-08-29,,4.42,,50,,7.1,,59,,0.0,,,,0,,0.0,
Nyamjargal Tumendemberel,Mouches,2,2026-03-07,,1.7,,38,,1.73,,59,,2.0,,57,,68,,1.0,
Ode Osbourne,Mouches,13,2026-02-21,46,2.88,35,40,37,3.24,18,49,35,0.84,31,26,32,66,20,0.3,33
Ramazan Temirov,Mouches,3,2026-07-25,46,4.73,6,41,36,3.65,22,62,6,0.68,35,50,6,100,1,0.0,40
Rei Tsuruya,Mouches,4,2026-08-29,46,2.8,37,50,12,2.02,4,42,43,3.99,2,28,28,50,31,0.8,21
Ronaldo Rodriguez,Mouches,3,2025-03-29,46,3.25,30,45,25,4.03,31,41,45,0.75,33,29,26,44,37,0.4,27
Steve Erceg,Mouches,9,2026-07-25,46,4.56,9,47,21,4.14,32,56,19,1.09,24,27,29,67,16,0.4,27
Stewart Nicoll,Mouches,4,2026-07-18,46,3.01,33,37,43,4.81,40,54,23,2.82,7,23,41,33,43,0.0,40
Sumudaerji,Mouches,12,2026-08-29,46,4.21,13,51,9,2.1,6,64,3,0.68,35,33,19,70,14,0.5,25
Tagir Ulanbekov,Mouches,8,2025-11-22,46,3.01,33,48,17,3.44,20,51,31,2.73,9,39,18,63,23,1.5,4
Tatsuro Taira,Mouches,10,2026-05-09,46,2.87,36,54,5,3.1,16,44,41,3.57,5,44,13,46,34,1.3,9
Tim Elliott,Mouches,23,2026-09-12,46,3.55,25,42,32,3.05,14,56,19,3.69,4,45,11,59,27,1.0,15
